"key","english","korean","claude_note"
"ui.title","Emotional Wisdom Wheel","감정 지혜의 수레바퀴",""
"ui.welcomeMessage","This interactive wheel helps you identify and understand different emotions.","이 인터랙티브 수레바퀴는 다양한 감정을 식별하고 이해하는 데 도움을 줍니다.",""
"ui.howToUseTitle","How to use:","사용 방법:",""
"ui.howToUseSteps[0]","Hover over any segment to highlight it","아무 구역 위에 마우스를 올려 강조 표시하세요",""
"ui.howToUseSteps[1]","Click on a segment to learn more about that emotion","구역을 클릭하면 해당 감정에 대해 더 알아볼 수 있습니다",""
"ui.howToUseSteps[2]","Explore the 8 core emotions and 32 related feelings","8가지 핵심 감정과 32가지 관련 느낌을 탐색하세요",""
"ui.copyright","©Joshua Freedman from the new book:","©Joshua Freedman의 새 책:",""
"ui.copyrightLink","Emotion Rules","Emotion Rules","Keep in English"
"ui.version","v3.3","v3.3",""
"ui.modalClose","×","×",""
"ui.relatedFeelingsLabel","Variations","변형",""
"ui.borderInfoLabel","Border Insight","경계 통찰",""
"ui.quotesLabel","Inspirational Quotes","영감을 주는 인용문",""
"ui.adaptivePurposeLabel","Adaptive Purpose","적응적 목적",""
"ui.overloadRiskLabel","Overload Risk","과부하 위험",""
"ui.overloadTipLabel","Balance Tip","균형 팁",""
"ui.tabEssentials","Essentials","핵심","Tab label; must be very short (1-3 chars ideal for ko)"
"ui.tabAlgebra","Algebra","대수","Tab label; must be very short (1-3 chars ideal for ko)"
"ui.tabWisdom","Wisdom","지혜","Tab label; must be very short (1-3 chars ideal for ko)"
"ui.tabExamples","Examples","사례","Tab label; must be very short (1-3 chars ideal for ko)"
"ui.tabEmojis","Emojis","이모지","Tab label; must be very short (1-3 chars ideal for ko)"
"ui.definitionLabel","Definition","정의",""
"ui.emotionalAlgebraLabel","Emotional Algebra","감정 대수",""
"ui.exploreRelatedLabel","Explore Related Feelings","관련 느낌 탐색",""
"ui.guidingQuestionLabel","Guiding Question","안내 질문",""
"ui.realLifeExampleLabel","Real-Life Example","실생활 사례",""
"ui.copyButton","Copy","복사",""
"ui.copiedToast","Copied!","복사되었습니다!",""
"ui.randomFeelingButton","🎲 Explore a Random Feeling","🎲 무작위 느낌 탐색",""
"ui.noQuotes","No quotations available for this feeling.","이 느낌에 대한 인용문이 없습니다.",""
"ui.comingSoon","Real-life examples coming soon.","실생활 사례가 곧 추가됩니다.",""
"ui.subscribeModalTitle","Unlock Full Access","전체 접근 잠금 해제",""
"ui.subscribeModalDescription","Get free access to wisdom insights and real-life examples for all 32 emotions.","32가지 감정에 대한 지혜의 통찰과 실생활 사례를 무료로 이용하세요.",""
"ui.subscribeButton","Subscribe Free","무료 구독",""
"ui.firstNamePlaceholder","First name","이름",""
"ui.emailPlaceholder","Email address","이메일 주소",""
"ui.countryPlaceholder","Select your country","국가를 선택하세요",""
"ui.privacyNote","We respect your privacy. Unsubscribe anytime.","귀하의 개인정보를 존중합니다. 언제든지 구독을 취소할 수 있습니다.",""
"ui.subscribeSuccess","Welcome! All content is now unlocked.","환영합니다! 모든 콘텐츠가 잠금 해제되었습니다.",""
"ui.welcomeBackTitle","Thank you for subscribing!","구독해 주셔서 감사합니다!",""
"ui.welcomeBackMessage","Close this message and you have full access to the Emotional Wisdom Wheel.","이 메시지를 닫으면 감정 지혜의 수레바퀴에 대한 전체 접근 권한이 부여됩니다.",""
"ui.welcomeBackButton","Start Exploring","탐색 시작하기",""
"ui.aboutLabel","About","소개","Short label for info button"
"ui.aboutCardText1","Emotions can be confusing, but they have their own logic... they follow ""rules."" That's what you'll get from the book <a href=""https://www.6seconds.org/emotionrules"" target=""_blank""><em>Emotion Rules, The Science and Practice of Emotional Wisdom.</em></a>","감정은 혼란스러울 수 있지만, 나름의 논리를 가지고 있습니다… 감정에는 “규칙”이 있습니다. 이것이 바로 <a href=""https://www.6seconds.org/emotionrules"" target=""_blank""><em>Emotion Rules, The Science and Practice of Emotional Wisdom.</em></a> 이 책에서 얻을 수 있는 것입니다.","Contains book title Emotion Rules and org name Six Seconds - keep those in English"
"ui.aboutCardText2","This Emotional Wisdom Wheel is based on the concepts in the book, and Six Seconds' methodology for helping people grow and practice emotional intelligence.","이 감정 지혜의 수레바퀴는 이 책의 개념과 사람들이 감성 지능을 성장시키고 실천할 수 있도록 돕는 Six Seconds의 방법론에 기반하고 있습니다.","Contains book title Emotion Rules and org name Six Seconds - keep those in English"
"ui.oppositeFeelingLabel","Feeling Across the Wheel","수레바퀴 반대편 느낌",""
"emotions.joy-1-optimistic.name","Optimistic","낙관적인","Emotion name; verify it captures the same shade of meaning as the English."
"emotions.joy-1-optimistic.category","Joy","기쁨","MUST match getCategoryColor()/getCategoryClass() in script.js. All 4 Joy emotions must use identical category string."
"emotions.joy-1-optimistic.description","A feeling of hopefulness and confidence about the future. When you're optimistic, you believe that good things will happen and maintain a positive outlook on life.","미래에 대한 희망과 자신감의 느낌입니다. 낙관적일 때 좋은 일이 일어날 것이라고 믿고 삶에 대해 긍정적인 전망을 유지합니다.",""
"emotions.joy-1-optimistic.question","What possibilities do you see? What could go right in this situation?","어떤 가능성이 보이나요? 이 상황에서 무엇이 잘될 수 있을까요?",""
"emotions.joy-1-optimistic.overloadRisk","If you over-use this feeling, you may overlook real risks or pressure others to 'stay positive' when they need something different.","이 느낌을 과도하게 사용하면 실제 위험을 간과하거나 다른 것이 필요한 사람들에게 '긍정적으로 생각하라'고 압박할 수 있습니다.",""
"emotions.joy-1-optimistic.overloadTip","To balance, name one real challenge and one concrete step to prepare for it while still honoring your sense of possibility.","균형을 위해, 가능성에 대한 감각을 존중하면서도 하나의 실질적인 도전과 그에 대비할 수 있는 구체적인 한 가지 단계를 이야기해 보세요.",""
"emotions.joy-1-optimistic.adaptivePurpose","Signals that you see positive possibilities and potential good outcomes.","긍정적인 가능성과 좋은 결과의 잠재력을 보고 있다는 신호입니다.",""
"emotions.joy-1-optimistic.relatedFeelings","Positive, Inspired, Hopeful","긍정적인, 영감받은, 희망찬","Comma-separated list of related feelings"
"emotions.joy-1-optimistic.borderInfo","Optimistic is near Anticipation because it has a component of looking ahead.","낙관적인 느낌은 앞을 내다보는 요소가 있어 기대 영역에 가깝습니다.",""
"emotions.joy-1-optimistic.story","Maria had been job hunting for three months with no luck. On the way to yet another interview, she caught herself smiling on the subway. ""I'm going to nail this one -- I've done the hard work,"" she thought. Instead of rehearsing what could go wrong, she found herself imagining her first day at the new office. The rational part of her brain warned against getting her hopes up, but something in her gut said this time she was really ready.","마리아는 석 달째 취업 활동을 하며 아무 성과가 없었습니다. 또 다른 면접을 향해 가는 길에 지하철에서 자신이 미소 짓고 있다는 것을 알아챘습니다. '이번에는 성공할 거야. 나는 노력했으니까'라고 생각했습니다. 무엇이 잘못될 수 있는지를 되뇌는 대신, 새 사무실에서의 첫날을 상상하고 있는 자신을 발견했습니다. 이성적인 부분은 기대를 품지 말라고 경고했지만, 직감적으로 이번에는 정말로 준비가 되었다고 느꼈습니다.",""
"emotions.joy-2-confident.name","Confident","자신감 있는","Emotion name; verify it captures the same shade of meaning as the English."
"emotions.joy-2-confident.category","Joy","기쁨","MUST match getCategoryColor()/getCategoryClass() in script.js. All 4 Joy emotions must use identical category string."
"emotions.joy-2-confident.description","A sense of self-assurance arising from appreciation of your abilities or qualities. Confidence empowers you to take action and face challenges.","자신의 능력이나 자질에 대한 감사에서 비롯되는 자기 확신의 느낌입니다. 자신감은 행동하고 도전에 맞설 수 있는 힘을 줍니다.",""
"emotions.joy-2-confident.question","What strengths can you bring to this situation? What are you capable of doing?","이 상황에 어떤 강점을 가져올 수 있나요? 무엇을 할 수 있나요?",""
"emotions.joy-2-confident.overloadRisk","If you over-use this feeling, you may overestimate your capacity or dismiss others' perspectives and needs.","이 느낌을 과도하게 사용하면 자신의 능력을 과대평가하거나 다른 사람들의 관점과 필요를 무시할 수 있습니다.",""
"emotions.joy-2-confident.overloadTip","To balance, ask yourself where you still need input or support, and invite at least one other voice into the conversation.","균형을 위해, 아직 도움이나 지원이 필요한 부분이 어디인지 스스로에게 물어보고, 대화에 적어도 한 사람의 다른 목소리를 초대하세요.",""
"emotions.joy-2-confident.adaptivePurpose","Signals that you have resources, abilities, or experience you can draw on.","활용할 수 있는 자원, 능력 또는 경험이 있다는 신호입니다.",""
"emotions.joy-2-confident.relatedFeelings","Proud, Self-assured, Empowered","자랑스러운, 자기확신적인, 힘이 넘치는","Comma-separated list of related feelings"
"emotions.joy-2-confident.story","After months of preparation, James stood backstage waiting to give his first TEDx talk. His hands were steady, his breathing calm. He'd practiced this speech fifty times, knew every transition, every pause. When they called his name, he walked to center stage not with arrogance, but with quiet certainty. He had put in the work. He was ready.","몇 달간의 준비 끝에 제임스는 무대 뒤에서 첫 번째 TEDx 강연을 기다리며 서 있었습니다. 그의 손은 안정적이었고 호흡은 차분했습니다. 이 연설을 쉰 번이나 연습했고, 모든 전환과 쉬는 타이밍을 알고 있었습니다. 이름이 불리자 오만함이 아닌 조용한 확신을 가지고 무대 중앙으로 걸어갔습니다. 그는 노력을 기울였고, 준비가 되어 있었습니다.",""
"emotions.joy-2-confident.borderInfo","Confident is pure Joy energy directed inward—a recognition of your own capabilities. It sits between Optimistic (future-focused) and Joyful (present-moment pleasure).","“자신감 있는” 느낌은 순수한 기쁨 에너지가 내면으로 향한 것—자신의 능력에 대한 인식입니다. “낙관적인”(미래 지향적)과 “기쁜”(현재 순간의 즐거움) 사이에 위치합니다.","Emotional algebra text; describes position between neighboring emotions"
"emotions.joy-3-joyful.name","Joyful","기쁜","Emotion name; verify it captures the same shade of meaning as the English."
"emotions.joy-3-joyful.category","Joy","기쁨","MUST match getCategoryColor()/getCategoryClass() in script.js. All 4 Joy emotions must use identical category string."
"emotions.joy-3-joyful.description","A feeling of great pleasure and happiness. Pure joy is an intense, positive emotion that fills you with delight and contentment.","큰 즐거움과 행복의 느낌입니다. 순수한 기쁨은 당신을 기쁨과 만족으로 가득 채우는 강렬하고 긍정적인 감정입니다.",""
"emotions.joy-3-joyful.question","What is going well that you want to continue? What is nourishing or supportive?","무엇이 잘 되고 있어서 계속하고 싶은가요? 무엇이 자양분이 되거나 도움이 되고 있나요?",""
"emotions.joy-3-joyful.overloadRisk","If you over-use this feeling, you may skip over problems or appear insensitive to others' pain.","이 느낌을 과도하게 사용하면 문제를 건너뛰거나 다른 사람의 고통에 둔감하게 보일 수 있습니다.",""
"emotions.joy-3-joyful.overloadTip","To balance, enjoy what is good and gently scan for anything that also needs care or repair.","균형을 위해, 좋은 것을 즐기면서 돌봄이나 수리가 필요한 다른 것은 없는지 부드럽게 살펴보세요.",""
"emotions.joy-3-joyful.adaptivePurpose","Signals that something important is working and worth savoring and continuing.","중요한 무언가가 잘 작동하고 있으며 음미하고 계속할 가치가 있다는 신호입니다.",""
"emotions.joy-3-joyful.relatedFeelings","Ecstatic, Delighted, Blissful","황홀한, 기쁨에 넘치는, 더없이 행복한","Comma-separated list of related feelings"
"emotions.joy-3-joyful.story","The letter arrived on a Tuesday. Accepted. Full scholarship. Elena read it three times before it sank in. Then she was laughing, crying, spinning around her tiny apartment. She called her mother, her best friend, her old teacher who'd written her recommendation. Pure, unfiltered happiness—the kind that makes your face hurt from smiling.","편지가 화요일에 도착했습니다. 합격. 전액 장학금. 엘레나는 세 번이나 읽고 나서야 실감이 났습니다. 그러고는 웃고, 울고, 작은 아파트에서 빙글빙글 돌았습니다. 어머니에게, 가장 친한 친구에게, 추천서를 써준 옛 선생님에게 전화를 걸었습니다. 순수하고 걸러지지 않은 행복 -- 얼굴이 아플 정도로 미소 짓게 하는 그런 행복이었습니다.",""
"emotions.joy-3-joyful.borderInfo","Joyful is the heart of Joy—pure, present-moment happiness. It sits between Confident (self-directed joy) and Loving (other-directed joy).","“기쁜” 느낌은 기쁨의 핵심—순수하고 현재 순간의 행복입니다. “자신감 있는”(자기 자신을 향한 기쁨)과 “사랑하는”(타인을 향한 기쁨) 사이에 위치합니다.","Emotional algebra text; describes position between neighboring emotions"
"emotions.joy-4-loving.name","Loving","사랑하는","Emotion name; verify it captures the same shade of meaning as the English."
"emotions.joy-4-loving.category","Joy","기쁨","MUST match getCategoryColor()/getCategoryClass() in script.js. All 4 Joy emotions must use identical category string."
"emotions.joy-4-loving.description","A deep feeling of affection, care, and warmth toward someone or something. Love creates connection and a sense of belonging.","누군가 또는 무언가에 대한 깊은 애정, 배려, 따뜻함의 느낌입니다. 사랑은 연결과 소속감을 만들어 줍니다.",""
"emotions.joy-4-loving.question","What do you appreciate about this person or situation? How can you show care and support?","이 사람이나 상황에서 무엇을 감사하게 여기나요? 어떻게 배려와 지원을 보여줄 수 있나요?",""
"emotions.joy-4-loving.overloadRisk","If you over-use this feeling, you may lose healthy boundaries or neglect your own needs while caring for others.","이 느낌을 과도하게 사용하면 건강한 경계를 잃거나 다른 사람을 돌보면서 자신의 필요를 소홀히 할 수 있습니다.",""
"emotions.joy-4-loving.overloadTip","To balance, name one thing you appreciate and one need of your own, and choose a step that honors both.","균형을 위해, 감사하는 한 가지와 자신의 필요 한 가지를 말하고, 둘 다를 존중하는 단계를 선택하세요.",""
"emotions.joy-4-loving.adaptivePurpose","Signals a desire to connect, nurture, and invest in people or causes that matter to you.","당신에게 중요한 사람이나 대의에 연결하고, 양육하고, 투자하고 싶은 욕구를 나타내는 신호입니다.",""
"emotions.joy-4-loving.relatedFeelings","Embracing, Generous, Affectionate","포용하는, 너그러운, 다정한","Comma-separated list of related feelings"
"emotions.joy-4-loving.borderInfo","Loving is near Trust because it involves a foundation of care and reliability.","사랑하는 느낌은 배려와 신뢰의 기반을 포함하므로 신뢰 영역에 가깝습니다.",""
"emotions.joy-4-loving.story","David watched his daughter take her first wobbly steps across the living room. When she fell, she looked up at him with complete trust, waiting for his reaction before deciding whether to cry. He scooped her up, kissed her forehead, and felt his heart expand in a way he couldn't have imagined before becoming a father. This tiny person had utterly transformed him.","데이비드는 딸이 거실을 가로질러 첫 비틀거리는 걸음을 떼는 것을 지켜보았습니다. 넘어졌을 때 딸은 울어야 할지 결정하기 전에 완전한 신뢰를 담아 그를 올려다보았습니다. 그는 딸을 안아 들어 이마에 입을 맞추고, 아버지가 되기 전에는 상상할 수 없었던 방식으로 마음이 넓어지는 것을 느꼈습니다. 이 작은 존재가 그를 완전히 변화시켰습니다.",""
"emotions.trust-1-grateful.name","Grateful","감사하는","Emotion name; verify it captures the same shade of meaning as the English."
"emotions.trust-1-grateful.category","Trust","신뢰","MUST match getCategoryColor()/getCategoryClass() in script.js. All 4 Trust emotions must use identical category string."
"emotions.trust-1-grateful.description","A warm feeling of thankfulness and appreciation. Gratitude helps you recognize and value the good things in your life.","고마움과 감사의 따뜻한 느낌입니다. 감사는 삶에서 좋은 것들을 인식하고 가치 있게 여기는 데 도움을 줍니다.",""
"emotions.trust-1-grateful.question","What is supporting or nourishing you? Who or what is contributing to what you care about?","무엇이 당신을 지탱하거나 자양분을 주고 있나요? 누가 또는 무엇이 당신이 소중히 여기는 것에 기여하고 있나요?",""
"emotions.trust-1-grateful.overloadRisk","If you over-use this feeling, you may tolerate unhealthy situations or avoid expressing real needs because 'you should be grateful.'","이 느낌을 과도하게 사용하면 '감사해야 하니까'라는 이유로 건강하지 못한 상황을 용인하거나 진정한 필요를 표현하는 것을 피할 수 있습니다.",""
"emotions.trust-1-grateful.overloadTip","To balance, let gratitude stand beside honesty: appreciate what is working and identify one need or boundary you still want to express.","균형을 위해, 감사가 정직함과 함께하도록 하세요: 잘 작동하는 것을 감사히 여기면서 아직 표현하고 싶은 필요나 경계 하나를 찾아보세요.",""
"emotions.trust-1-grateful.adaptivePurpose","Signals that you are receiving support, resources, or gifts that matter to you.","당신에게 중요한 지원, 자원 또는 선물을 받고 있다는 신호입니다.",""
"emotions.trust-1-grateful.relatedFeelings","Fulfilled, Admiration, Thankful","성취감 있는, 경탄하는, 고마운","Comma-separated list of related feelings"
"emotions.trust-1-grateful.borderInfo","Grateful is near Joy because it involves appreciation for positive experiences.","감사하는 느낌은 긍정적 경험에 대한 감사를 포함하므로 기쁨 영역에 가깝습니다.",""
"emotions.trust-1-grateful.story","After the surgery, lying in the recovery room, Tom found himself overwhelmed—not by pain, but by appreciation. The nurse who'd held his hand before anesthesia. His sister who'd taken time off work to be there. The surgeon whose steady hands had given him more years with his family. He'd never felt so aware of how much he depended on others, or so thankful for it.","수술 후 회복실에 누워 있을 때 톰은 압도당했습니다 -- 고통이 아니라 감사로. 마취 전에 손을 잡아준 간호사. 일을 쉬고 함께해 준 여동생. 가족과 더 많은 시간을 함께할 수 있게 해준 외과 의사의 안정된 손. 그는 자신이 다른 사람들에게 얼마나 의존하고 있는지, 또 그것에 대해 얼마나 감사한지 이렇게까지 인식한 적이 없었습니다.",""
"emotions.trust-2-peaceful.name","Peaceful","평화로운","Emotion name; verify it captures the same shade of meaning as the English."
"emotions.trust-2-peaceful.category","Trust","신뢰","MUST match getCategoryColor()/getCategoryClass() in script.js. All 4 Trust emotions must use identical category string."
"emotions.trust-2-peaceful.description","A state of tranquility and calm, free from worry or disturbance. Peace brings mental and emotional equilibrium.","걱정이나 방해 없이 평온하고 차분한 상태입니다. 평화는 정신적, 감정적 균형을 가져다줍니다.",""
"emotions.trust-2-peaceful.question","What is recharging or supporting you? What's going right?","무엇이 당신에게 활력을 주거나 당신을 지탱하고 있나요? 무엇이 잘 되고 있나요?",""
"emotions.trust-2-peaceful.overloadRisk","If you over-use this feeling, you may avoid necessary conflict or disengage from important challenges.","이 느낌을 과도하게 사용하면 필요한 갈등을 피하거나 중요한 도전에서 물러날 수 있습니다.",""
"emotions.trust-2-peaceful.overloadTip","To balance, enjoy the calm and ask if there is any issue that still needs a courageous conversation or small action.","균형을 위해, 차분함을 즐기면서 아직 용기 있는 대화나 작은 행동이 필요한 문제가 있는지 물어보세요.",""
"emotions.trust-2-peaceful.adaptivePurpose","Signals that your system is re-centering and you feel safe enough to rest and restore.","당신의 시스템이 중심을 재정립하고 있으며, 쉬고 회복할 수 있을 만큼 안전하다고 느끼고 있다는 신호입니다.",""
"emotions.trust-2-peaceful.relatedFeelings","Calm, Content, Serene","차분한, 만족스러운, 고요한","Comma-separated list of related feelings"
"emotions.trust-2-peaceful.story","Sunday morning. Rain against the windows. No alarms, no obligations, nowhere to be. Sarah curled up with her coffee and a book she'd been meaning to read for months. The apartment was quiet except for her cat purring on the cushion beside her. For the first time in weeks, her mind wasn't racing through to-do lists. She was simply... here.","일요일 아침. 창문에 부딪히는 빗소리. 알람도, 의무도, 갈 곳도 없습니다. 사라는 커피 한 잔과 몇 달째 읽으려고 했던 책을 들고 웅크렸습니다. 아파트는 옆 쿠션 위에서 그르릉거리는 고양이 소리만 빼고는 조용했습니다. 몇 주 만에 처음으로 그녀의 마음은 할 일 목록을 뒤적이지 않았습니다. 그저 단순히 이 순간에 있었습니다.",""
"emotions.trust-2-peaceful.borderInfo","Peaceful is the calm center of Trust—a state of equilibrium and safety. It sits between Grateful (appreciating what is) and Accepted (belonging with others).","“평화로운” 느낌은 신뢰의 고요한 중심—균형과 안전의 상태입니다. “감사하는”(현재를 감사히 여기는)과 “수용받는”(타인과의 소속감) 사이에 위치합니다.","Emotional algebra text; describes position between neighboring emotions"
"emotions.trust-3-accepted.name","Accepted","수용받는","Emotion name; verify it captures the same shade of meaning as the English."
"emotions.trust-3-accepted.category","Trust","신뢰","MUST match getCategoryColor()/getCategoryClass() in script.js. All 4 Trust emotions must use identical category string."
"emotions.trust-3-accepted.description","A feeling of being welcomed and valued for who you are. Acceptance creates a sense of belonging and security.","있는 그대로의 자신이 환영받고 가치 있게 여겨지는 느낌입니다. 수용은 소속감과 안정감을 만들어 줍니다.",""
"emotions.trust-3-accepted.question","Where do you feel you belong? Who accepts and values you as you are?","어디에서 소속감을 느끼나요? 누가 있는 그대로의 당신을 받아들이고 가치 있게 여기나요?",""
"emotions.trust-3-accepted.overloadRisk","If you over-use this feeling, you may over-conform, hiding parts of yourself to keep belonging.","이 느낌을 과도하게 사용하면 소속감을 유지하기 위해 지나치게 순응하며 자신의 일부를 숨길 수 있습니다.",""
"emotions.trust-3-accepted.overloadTip","To balance, notice where you feel safe enough to be more authentic, and share one more honest piece of yourself.","균형을 위해, 더 진정한 자신이 될 수 있을 만큼 안전하다고 느끼는 곳을 찾고, 자신에 대해 한 가지 더 솔직한 부분을 나눠 보세요.",""
"emotions.trust-3-accepted.adaptivePurpose","Signals that you feel seen, valued, and included in a group or relationship.","자신이 보이고, 가치 있게 여겨지고, 집단이나 관계에 포함되어 있다고 느끼는 신호입니다.",""
"emotions.trust-3-accepted.relatedFeelings","Valued, Respected, Welcomed","가치 있는, 존중받는, 환영받는","Comma-separated list of related feelings"
"emotions.trust-3-accepted.story","Coming out to his parents had been terrifying. Miguel had prepared for arguments, disappointment, maybe even rejection. Instead, his mother had pulled him into a hug and whispered, ""I know, mijo. I've known for a while."" His father had simply said, ""You're still you. Nothing changes that."" Years of fear dissolved in that moment of unconditional acceptance.","부모님께 커밍아웃하는 것은 무서운 일이었습니다. 미구엘은 논쟁, 실망, 어쩌면 거부까지 대비했었습니다. 대신 어머니가 그를 끌어안고 속삭였습니다. '알고 있어, 아들아. 한동안 알고 있었어.' 아버지는 간단히 말했습니다. '넌 여전히 너야. 아무것도 변하지 않아.' 수년간의 두려움이 그 무조건적인 수용의 순간에 녹아내렸습니다.",""
"emotions.trust-3-accepted.borderInfo","Accepted is Trust expressed through belonging—the security of being seen and included. It sits between Peaceful (inner calm) and Hopeful (trusting the future).","“수용받는” 느낌은 소속감을 통해 표현되는 신뢰—보이고 포함되는 안전감입니다. “평화로운”(내면의 평온)과 “희망찬”(미래에 대한 신뢰) 사이에 위치합니다.","Emotional algebra text; describes position between neighboring emotions"
"emotions.trust-4-hopeful.name","Hopeful","희망찬","Emotion name; verify it captures the same shade of meaning as the English."
"emotions.trust-4-hopeful.category","Trust","신뢰","MUST match getCategoryColor()/getCategoryClass() in script.js. All 4 Trust emotions must use identical category string."
"emotions.trust-4-hopeful.description","A feeling of expectation and desire for positive outcomes. Hope motivates you to keep moving forward even in difficult times.","긍정적인 결과에 대한 기대와 바람의 느낌입니다. 희망은 어려운 시기에도 계속 앞으로 나아가도록 동기를 부여합니다.",""
"emotions.trust-4-hopeful.question","What are you hoping for? What positive outcome do you envision?","무엇을 희망하고 있나요? 어떤 긍정적인 결과를 그려보고 있나요?",""
"emotions.trust-4-hopeful.overloadRisk","If you over-use this feeling, you may wait passively for change or cling to unrealistic expectations.","이 느낌을 과도하게 사용하면 변화를 수동적으로 기다리거나 비현실적인 기대에 매달릴 수 있습니다.",""
"emotions.trust-4-hopeful.overloadTip","To balance, translate one part of your hope into a specific, doable step you can take now.","균형을 위해, 희망의 일부를 지금 실행할 수 있는 구체적이고 실현 가능한 단계로 전환하세요.",""
"emotions.trust-4-hopeful.adaptivePurpose","Signals that you can imagine a better future and feel drawn toward it.","더 나은 미래를 상상할 수 있으며 그것에 이끌리고 있다는 신호입니다.",""
"emotions.trust-4-hopeful.relatedFeelings","Longing, Expectant, Optimistic","그리워하는, 기대하는, 낙관적인","Comma-separated list of related feelings"
"emotions.trust-4-hopeful.borderInfo","Hopeful is near Fear because it involves uncertainty about the future.","희망찬 느낌은 미래에 대한 불확실성을 포함하므로 두려움 영역에 가깝습니다.",""
"emotions.trust-4-hopeful.story","The cancer was in remission. Dr. Chen had used careful language—""cautiously optimistic,"" ""good indicators""—but walking out of the oncology center, Rachel felt something she hadn't allowed herself to feel in eighteen months: hope. Not certainty, not denial, but genuine hope. The future, which had seemed so closed off, suddenly had doors again.","암이 관해에 들어갔습니다. 첸 박사는 조심스러운 표현을 사용했습니다 -- '조심스럽게 낙관적,' '좋은 지표들.' 하지만 종양센터를 나서면서 레이첼은 18개월 동안 허락하지 않았던 감정을 느꼈습니다: 희망. 확신도 아니고 부정도 아닌, 진정한 희망이었습니다. 닫혀 있는 것 같았던 미래에 갑자기 문이 다시 생겼습니다.",""
"emotions.fear-1-nervous.name","Nervous","긴장된","Emotion name; verify it captures the same shade of meaning as the English."
"emotions.fear-1-nervous.category","Fear","두려움","MUST match getCategoryColor()/getCategoryClass() in script.js. All 4 Fear emotions must use identical category string."
"emotions.fear-1-nervous.description","A state of unease or apprehension about something uncertain. Nervousness is a natural response to situations that feel challenging or unfamiliar.","불확실한 무언가에 대한 불안이나 우려의 상태입니다. 긴장은 도전적이거나 낯선 상황에 대한 자연스러운 반응입니다.",""
"emotions.fear-1-nervous.question","What is creating risk? What feels unpredictable or out of control?","무엇이 위험을 만들고 있나요? 무엇이 예측 불가능하거나 통제할 수 없다고 느껴지나요?",""
"emotions.fear-1-nervous.overloadRisk","If you over-use this feeling, you may see danger everywhere, overthink, or become paralyzed by what-if scenarios.","이 느낌을 과도하게 사용하면 어디서나 위험을 보고, 과도하게 생각하거나, '만약에' 시나리오에 의해 마비될 수 있습니다.",""
"emotions.fear-1-nervous.overloadTip","To balance, name one specific risk you are concerned about and one small action you can take to prepare or test your assumptions.","균형을 위해, 걱정되는 구체적인 위험 하나와 가정을 준비하거나 확인하기 위해 취할 수 있는 작은 행동 하나를 이야기하세요.",""
"emotions.fear-1-nervous.adaptivePurpose","Signals that something feels uncertain or risky and may need caution or preparation.","무언가가 불확실하거나 위험하게 느껴지며 주의나 준비가 필요할 수 있다는 신호입니다.",""
"emotions.fear-1-nervous.relatedFeelings","Threatened, Uneasy, Jittery","위협받는, 불안한, 초조한","Comma-separated list of related feelings"
"emotions.fear-1-nervous.borderInfo","Nervous is near Trust because it involves vulnerability and the need for safety.","긴장된 느낌은 취약성과 안전에 대한 필요를 포함하므로 신뢰 영역에 가깝습니다.",""
"emotions.fear-1-nervous.story","First day at the new school. Aisha stood outside the classroom door, hearing laughter and conversation inside. What if no one talked to her? What if she couldn't find the cafeteria? What if she said something stupid? Her stomach churned. She took a breath, reminded herself she'd survived new situations before, and pushed open the door.","새 학교에서의 첫날. 아이샤는 교실 문 밖에 서서 안에서 들려오는 웃음소리와 대화를 듣고 있었습니다. 아무도 말을 걸어주지 않으면? 식당을 못 찾으면? 바보 같은 말을 하면? 속이 뒤틀렸습니다. 한 번 깊이 숨을 쉬고, 전에도 새로운 상황에서 살아남았다는 것을 스스로에게 상기시키며 문을 밀고 들어갔습니다.",""
"emotions.fear-2-scared.name","Scared","무서운","Emotion name; verify it captures the same shade of meaning as the English."
"emotions.fear-2-scared.category","Fear","두려움","MUST match getCategoryColor()/getCategoryClass() in script.js. All 4 Fear emotions must use identical category string."
"emotions.fear-2-scared.description","An intense feeling of fear or alarm. Being scared is your body's way of alerting you to potential danger.","강렬한 공포나 경계의 느낌입니다. 무서움을 느끼는 것은 잠재적 위험에 대해 몸이 경고하는 방식입니다.",""
"emotions.fear-2-scared.question","What or who do you care about that's at risk? What danger or harm are you sensing?","당신이 소중히 여기는 무엇 또는 누가 위험에 처해 있나요? 어떤 위험이나 해로움을 감지하고 있나요?",""
"emotions.fear-2-scared.overloadRisk","If you over-use this feeling, you may withdraw from what matters most or avoid important steps because they feel too scary.","이 느낌을 과도하게 사용하면 가장 중요한 것에서 물러나거나 너무 무섭다는 이유로 중요한 단계를 피할 수 있습니다.",""
"emotions.fear-2-scared.overloadTip","To balance, clarify what you most want to protect and choose one action that increases safety while still honoring what you care about.","균형을 위해, 가장 보호하고 싶은 것을 명확히 하고, 소중히 여기는 것을 존중하면서 안전을 높이는 행동 하나를 선택하세요.",""
"emotions.fear-2-scared.adaptivePurpose","Signals that something you care about feels threatened and needs protection or attention.","당신이 소중히 여기는 무언가가 위협받고 있으며 보호나 주의가 필요하다는 신호입니다.",""
"emotions.fear-2-scared.relatedFeelings","Frightened, Terrified, Alarmed","겁먹은, 공포에 질린, 놀란","Comma-separated list of related feelings"
"emotions.fear-2-scared.story","The smoke alarm went off at 2 AM. Heart pounding, Kevin grabbed his phone and ran to check the kitchen. Nothing. The hallway. Nothing. Then he smelled it—smoke seeping under his apartment door from the hallway. This was real. His hands shook as he called 911, grabbed his wallet, and headed for the fire escape. Everything felt suddenly, terrifyingly immediate.","새벽 2시에 화재 경보가 울렸습니다. 심장이 뛰며 케빈은 휴대폰을 집어 들고 주방을 확인하러 달려갔습니다. 아무것도 없었습니다. 복도. 아무것도 없었습니다. 그때 냄새를 맡았습니다 -- 복도에서 아파트 문 아래로 스며드는 연기. 이것은 진짜였습니다. 손이 떨리며 911에 전화하고 지갑을 챙겨 비상구로 향했습니다. 모든 것이 갑자기, 무섭도록 즉각적으로 느껴졌습니다.",""
"emotions.fear-2-scared.borderInfo","Scared is the active center of Fear—an immediate response to perceived danger. It sits between Nervous (milder concern) and Anxious (broader worry).","“무서운” 느낌은 두려움의 활성화된 중심—인지된 위험에 대한 즉각적 반응입니다. “긴장된”(가벼운 우려)과 “불안한”(더 넓은 걱정) 사이에 위치합니다.","Emotional algebra text; describes position between neighboring emotions"
"emotions.fear-3-anxious.name","Anxious","불안한","Emotion name; verify it captures the same shade of meaning as the English."
"emotions.fear-3-anxious.category","Fear","두려움","MUST match getCategoryColor()/getCategoryClass() in script.js. All 4 Fear emotions must use identical category string."
"emotions.fear-3-anxious.description","A feeling of worry, nervousness, or unease about something with an uncertain outcome. Anxiety can be a signal to prepare or take action.","결과가 불확실한 무언가에 대한 걱정, 긴장 또는 불안의 느낌입니다. 불안은 준비하거나 행동해야 한다는 신호일 수 있습니다.",""
"emotions.fear-3-anxious.question","What general threats or big uncertainties are present? What do you need to prepare for or protect against?","어떤 전반적인 위협이나 큰 불확실성이 있나요? 무엇에 대비하거나 무엇으로부터 보호해야 하나요?",""
"emotions.fear-3-anxious.overloadRisk","If you over-use this feeling, you may ruminate, catastrophize, or create imagined problems that drain your energy.","이 느낌을 과도하게 사용하면 반추하거나, 재앙적으로 생각하거나, 에너지를 소모하는 상상 속 문제를 만들 수 있습니다.",""
"emotions.fear-3-anxious.overloadTip","To balance, sort your worries into 'things I can influence' and 'things I cannot,' then choose one small step on something you can influence.","균형을 위해, 걱정을 '영향을 미칠 수 있는 것'과 '미칠 수 없는 것'으로 분류한 다음, 영향을 미칠 수 있는 것에 대해 작은 한 걸음을 선택하세요.",""
"emotions.fear-3-anxious.adaptivePurpose","Signals that you are scanning for long-term threats or uncertainties that may need planning or protection.","계획이나 보호가 필요할 수 있는 장기적인 위협이나 불확실성을 살피고 있다는 신호입니다.",""
"emotions.fear-3-anxious.relatedFeelings","Dread, Worry, Tense","공포감, 걱정하는, 팽팽한","Comma-separated list of related feelings"
"emotions.fear-3-anxious.story","The presentation wasn't for another week, but Lisa couldn't stop thinking about it. What if the projector failed? What if the CEO asked a question she couldn't answer? What if her voice shook? She lay awake at 3 AM, her mind spinning through worst-case scenarios, each worry branching into three more. She knew this spiral wasn't helpful, but couldn't seem to stop it.","발표는 아직 일주일이나 남았지만 리사는 그것에 대한 생각을 멈출 수 없었습니다. 프로젝터가 고장 나면? CEO가 대답할 수 없는 질문을 하면? 목소리가 떨리면? 새벽 3시에 누워서 최악의 시나리오를 머릿속으로 돌리며, 각 걱정이 세 가지 더로 갈라졌습니다. 이 악순환이 도움이 안 된다는 것을 알았지만 멈출 수 없는 것 같았습니다.",""
"emotions.fear-3-anxious.borderInfo","Anxious is Fear spread across time—worry about future threats. It sits between Scared (immediate fear) and Insecure (fear about self).","“불안한” 느낌은 시간에 걸쳐 퍼진 두려움—미래의 위협에 대한 걱정입니다. “무서운”(즉각적 두려움)과 “불안정한”(자신에 대한 두려움) 사이에 위치합니다.","Emotional algebra text; describes position between neighboring emotions"
"emotions.fear-4-insecure.name","Insecure","불안정한","Emotion name; verify it captures the same shade of meaning as the English."
"emotions.fear-4-insecure.category","Fear","두려움","MUST match getCategoryColor()/getCategoryClass() in script.js. All 4 Fear emotions must use identical category string."
"emotions.fear-4-insecure.description","A lack of confidence or certainty about yourself or your place in a situation. Insecurity often stems from self-doubt or fear of rejection.","자신이나 상황에서의 위치에 대한 자신감이나 확신이 부족한 상태입니다. 불안정감은 종종 자기 의심이나 거부에 대한 두려움에서 비롯됩니다.",""
"emotions.fear-4-insecure.question","What makes you doubt yourself? What do you fear others might think or see?","무엇이 자신을 의심하게 만드나요? 다른 사람들이 무엇을 생각하거나 볼까 봐 두려운가요?",""
"emotions.fear-4-insecure.overloadRisk","If you over-use this feeling, you may constantly seek validation, people-please, or hold back your contributions.","이 느낌을 과도하게 사용하면 끊임없이 인정을 구하거나, 다른 사람의 비위를 맞추거나, 기여를 보류할 수 있습니다.",""
"emotions.fear-4-insecure.overloadTip","To balance, remember concrete evidence of your strengths and seek grounded feedback from someone you trust, not just imagined criticism.","균형을 위해, 자신의 강점에 대한 구체적인 증거를 떠올리고, 상상 속 비판이 아니라 신뢰할 수 있는 사람으로부터 건설적인 피드백을 구하세요.",""
"emotions.fear-4-insecure.adaptivePurpose","Signals that your sense of worth, competence, or acceptance feels shaky and you may need reassurance, learning, or boundaries.","자기 가치, 능력 또는 수용에 대한 감각이 흔들리고 있으며 안심, 학습 또는 경계가 필요할 수 있다는 신호입니다.",""
"emotions.fear-4-insecure.relatedFeelings","Rejected, Inadequate, Uncertain","거부당한, 부족한, 불확실한","Comma-separated list of related feelings"
"emotions.fear-4-insecure.borderInfo","Insecure is near Surprise because it involves unexpected threats to self-worth.","불안정한 느낌은 자기 가치에 대한 예상치 못한 위협을 포함하므로 놀라움 영역에 가깝습니다.",""
"emotions.fear-4-insecure.story","Everyone at the dinner party seemed to know each other from business school. They traded references to professors and inside jokes while Marcus smiled and nodded, feeling increasingly invisible. ""What do you do?"" someone finally asked him, and suddenly his job—which he'd been proud of that morning—seemed inadequate. Who was he to be here among these people?","저녁 파티에서 모두가 경영대학원 시절부터 서로를 아는 것 같았습니다. 그들은 교수들에 대한 이야기와 내부 농담을 주고받았고 마커스는 미소 짓고 고개를 끄덕이며 점점 투명인간이 된 기분이 들었습니다. '뭐 하시는 분이세요?'라고 누군가 마침내 물었고, 갑자기 그 아침까지만 해도 자랑스러웠던 자신의 직업이 부족하게 느껴졌습니다. 이 사람들 사이에 있을 자격이 있을까?",""
"emotions.surprise-1-startled.name","Startled","깜짝 놀란","Emotion name; verify it captures the same shade of meaning as the English."
"emotions.surprise-1-startled.category","Surprise","놀라움","MUST match getCategoryColor()/getCategoryClass() in script.js. All 4 Surprise emotions must use identical category string."
"emotions.surprise-1-startled.description","A sudden feeling of shock or alarm caused by something unexpected. Being startled is an immediate, automatic response to surprise.","예상치 못한 무언가에 의해 야기되는 갑작스러운 충격이나 경계의 느낌입니다. 깜짝 놀람은 놀라움에 대한 즉각적이고 자동적인 반응입니다.",""
"emotions.surprise-1-startled.question","What sudden change or signal needs your attention right now?","어떤 갑작스러운 변화나 신호가 지금 당신의 주의를 필요로 하나요?",""
"emotions.surprise-1-startled.overloadRisk","If you over-use this feeling, you may remain jumpy or hyper-alert, treating everything as an emergency.","이 느낌을 과도하게 사용하면 초조하거나 과도하게 경계하며, 모든 것을 비상사태로 취급할 수 있습니다.",""
"emotions.surprise-1-startled.overloadTip","To balance, pause to look, breathe, and check what is actually happening now versus what you feared might be happening.","균형을 위해, 잠시 멈추어 보고, 숨을 쉬고, 두려워했던 것과 실제로 지금 일어나고 있는 것을 구분하세요.",""
"emotions.surprise-1-startled.adaptivePurpose","Signals that something unexpected just happened and your attention needs to orient quickly.","예상치 못한 일이 방금 발생했으며 주의를 빠르게 전환해야 한다는 신호입니다.",""
"emotions.surprise-1-startled.relatedFeelings","Appalled, Shocked, Stunned","경악한, 충격받은, 멍한","Comma-separated list of related feelings"
"emotions.surprise-1-startled.borderInfo","Startled is near Fear because it involves a sudden sense of threat or danger.","깜짝 놀란 느낌은 갑작스러운 위협이나 위험의 감각을 포함하므로 두려움 영역에 가깝습니다.",""
"emotions.surprise-1-startled.story","Walking home through the quiet park, headphones in, Priya was lost in a podcast when something burst from the bushes beside her. She jumped back, heart racing, hands up defensively—only to watch a squirrel scamper across the path. She laughed shakily, feeling foolish, but her pulse took several minutes to return to normal.","조용한 공원을 지나 집으로 걸어가며 이어폰을 꽂고 팟캐스트에 빠져 있던 프리야 옆 덤불에서 무언가가 튀어나왔습니다. 심장이 뛰며 뒤로 물러서고, 방어적으로 손을 들어올렸는데 -- 다람쥐가 길을 가로질러 달려가는 것이었습니다. 그녀는 바보 같은 기분으로 떨리는 웃음을 터뜨렸지만, 맥박이 정상으로 돌아오기까지 몇 분이 걸렸습니다.",""
"emotions.surprise-2-confused.name","Confused","혼란스러운","Emotion name; verify it captures the same shade of meaning as the English."
"emotions.surprise-2-confused.category","Surprise","놀라움","MUST match getCategoryColor()/getCategoryClass() in script.js. All 4 Surprise emotions must use identical category string."
"emotions.surprise-2-confused.description","A state of being bewildered or unclear about something. Confusion occurs when information doesn't match your expectations or understanding.","무언가에 대해 당혹하거나 명확하지 않은 상태입니다. 혼란은 정보가 기대나 이해와 맞지 않을 때 발생합니다.",""
"emotions.surprise-2-confused.question","What information is missing or unclear? What would help you make sense of this?","어떤 정보가 빠져 있거나 불명확한가요? 이것을 이해하는 데 무엇이 도움이 될까요?",""
"emotions.surprise-2-confused.overloadRisk","If you over-use this feeling, you may get stuck in doubt, delay decisions, or question everything about yourself and others.","이 느낌을 과도하게 사용하면 의심에 갇히거나 결정을 미루거나 자신과 다른 사람에 대해 모든 것을 의문시할 수 있습니다.",""
"emotions.surprise-2-confused.overloadTip","To balance, turn confusion into a question: define one thing you want to understand and seek an answer, experiment, or conversation.","균형을 위해, 혼란을 질문으로 바꾸세요: 이해하고 싶은 한 가지를 정의하고 답변, 실험 또는 대화를 찾으세요.",""
"emotions.surprise-2-confused.adaptivePurpose","Signals that your current understanding does not fit the facts and you may need new information or perspective.","현재의 이해가 사실과 맞지 않으며 새로운 정보나 관점이 필요할 수 있다는 신호입니다.",""
"emotions.surprise-2-confused.relatedFeelings","Disillusioned, Perplexed, Bewildered","환멸감을 느끼는, 당혹한, 어리둥절한","Comma-separated list of related feelings"
"emotions.surprise-2-confused.story","The email made no sense. After five years of stellar reviews, Daniel was being ""transitioned to a new role""—effective immediately. His boss wouldn't return calls. HR spoke in careful non-answers. He sat at his desk, reading the same sentences over and over, trying to fit the pieces together. What had happened? What had he missed?","이메일은 이해가 되지 않았습니다. 5년간의 뛰어난 평가 후에 대니엘은 즉시 '새로운 역할로 전환'되었습니다. 상사는 전화를 받지 않았습니다. 인사부는 조심스러운 비답변만 했습니다. 그는 책상에 앉아 같은 문장을 계속 읽으며 조각을 맞추려 했습니다. 무슨 일이 일어났을까? 무엇을 놓쳤을까?",""
"emotions.surprise-2-confused.borderInfo","Confused is Surprise meeting uncertainty—your mental map doesn't fit reality. It sits between Startled (physical surprise) and Amazed (positive surprise).","“혼란스러운” 느낌은 놀라움이 불확실성을 만나는 것—당신의 인지 지도가 현실과 맞지 않는 상태입니다. “깜짝 놀란”(신체적 놀라움)과 “경탄하는”(긍정적 놀라움) 사이에 위치합니다.","Emotional algebra text; describes position between neighboring emotions"
"emotions.surprise-3-amazed.name","Amazed","경탄하는","Emotion name; verify it captures the same shade of meaning as the English."
"emotions.surprise-3-amazed.category","Surprise","놀라움","MUST match getCategoryColor()/getCategoryClass() in script.js. All 4 Surprise emotions must use identical category string."
"emotions.surprise-3-amazed.description","A feeling of great wonder and astonishment. Amazement is a positive form of surprise that fills you with awe.","큰 경이와 놀라움의 느낌입니다. 경탄은 경외감으로 가득 채우는 긍정적인 형태의 놀라움입니다.",""
"emotions.surprise-3-amazed.question","What exceeded your expectations? What possibility does this open?","무엇이 기대를 초과했나요? 이것이 어떤 가능성을 열어주나요?",""
"emotions.surprise-3-amazed.overloadRisk","If you over-use this feeling, you may idealize people or situations and miss real limits or risks.","이 느낌을 과도하게 사용하면 사람이나 상황을 이상화하고 실질적인 한계나 위험을 놓칠 수 있습니다.",""
"emotions.surprise-3-amazed.overloadTip","To balance, name what delights you and also one practical step or boundary that keeps you grounded while you explore this new possibility.","균형을 위해, 무엇이 기쁨을 주는지를 말하고, 이 새로운 가능성을 탐색하면서 현실에 발을 딛게 해줄 실용적인 단계나 경계 하나도 말해 보세요.",""
"emotions.surprise-3-amazed.adaptivePurpose","Signals that something is far better, bigger, or more beautiful than you expected and your sense of possibility is expanding.","무언가가 예상보다 훨씬 좋거나, 크거나, 아름다워서 가능성의 감각이 확장되고 있다는 신호입니다.",""
"emotions.surprise-3-amazed.relatedFeelings","Astonished, Awed, Impressed","놀라운, 경외감을 느끼는, 감명받은","Comma-separated list of related feelings"
"emotions.surprise-3-amazed.story","Standing at the rim of the Grand Canyon for the first time, words failed her. Photographs hadn't prepared Jennifer for this—the impossible scale, the layers of color, the silence broken only by wind. She'd seen beautiful places before, but this was different. This made her feel small in a way that was somehow comforting, connected to something vast and ancient.","처음으로 그랜드 캐니언 가장자리에 서서 제니퍼는 말을 잃었습니다. 사진으로는 이것에 대비할 수 없었습니다 -- 불가능한 규모, 색상의 층, 바람에 의해서만 깨지는 침묵. 아름다운 곳을 전에도 봤지만, 이것은 달랐습니다. 이것은 그녀를 어딘가 편안한 방식으로 작게 느끼게 했고, 광대하고 오래된 무언가와 연결된 느낌이 들었습니다.",""
"emotions.surprise-3-amazed.borderInfo","Amazed is the positive heart of Surprise—wonder at something exceeding expectations. It sits between Confused (neutral surprise) and Disappointed (negative surprise).","“경탄하는” 느낌은 놀라움의 긍정적 핵심—기대를 초월하는 것에 대한 경이입니다. “혼란스러운”(중립적 놀라움)과 “실망한”(부정적 놀라움) 사이에 위치합니다.","Emotional algebra text; describes position between neighboring emotions"
"emotions.surprise-4-disappointed.name","Disappointed","실망한","Emotion name; verify it captures the same shade of meaning as the English."
"emotions.surprise-4-disappointed.category","Surprise","놀라움","MUST match getCategoryColor()/getCategoryClass() in script.js. All 4 Surprise emotions must use identical category string."
"emotions.surprise-4-disappointed.description","A feeling of sadness or displeasure when expectations are not met. Disappointment signals a gap between what you hoped for and reality.","기대가 충족되지 않았을 때의 슬픔이나 불쾌함의 느낌입니다. 실망은 희망했던 것과 현실 사이의 간극을 나타냅니다.",""
"emotions.surprise-4-disappointed.question","What expectation wasn't met? What matters to you about this outcome?","어떤 기대가 충족되지 않았나요? 이 결과에서 무엇이 당신에게 중요한가요?",""
"emotions.surprise-4-disappointed.overloadRisk","If you over-use this feeling, you may slide into cynicism, giving up on future efforts or relationships.","이 느낌을 과도하게 사용하면 냉소주의에 빠져 미래의 노력이나 관계를 포기할 수 있습니다.",""
"emotions.surprise-4-disappointed.overloadTip","To balance, name the expectation clearly, then decide whether to revise the goal, your strategy, or the timeline—and choose one next action.","균형을 위해, 기대를 명확하게 말한 다음, 목표를 수정할지, 전략을 바꿀지, 일정을 조정할지 결정하고 다음 행동 하나를 선택하세요.",""
"emotions.surprise-4-disappointed.adaptivePurpose","Signals that reality did not match your hopes and something you cared about feels diminished or lost.","현실이 희망과 일치하지 않았고 소중히 여기던 무언가가 줄어들거나 상실된 것 같다는 신호입니다.",""
"emotions.surprise-4-disappointed.relatedFeelings","Betrayed, Dismayed, Let down","배신감을 느끼는, 낙담한, 기대에 어긋난","Comma-separated list of related feelings"
"emotions.surprise-4-disappointed.borderInfo","Disappointed is near Sadness because it involves loss of hope and unmet expectations.","실망한 느낌은 희망의 상실과 충족되지 않은 기대를 포함하므로 슬픔 영역에 가깝습니다.",""
"emotions.surprise-4-disappointed.story","""We've decided to go in a different direction."" The words hung in the air of the gallery. Chloe had spent eight months on this commission, pouring her vision into every brushstroke. The client had seemed so enthusiastic in their meetings. Now they wanted ""something more conventional."" She smiled professionally, shook hands, and waited until she reached her car to let the tears fall.","'저희는 다른 방향으로 가기로 했습니다.' 그 말이 갤러리의 공기 속에 맴돌았습니다. 클로이는 8개월 동안 이 의뢰에 자신의 비전을 모든 붓질에 쏟아부었습니다. 고객은 미팅에서 매우 열정적이었습니다. 이제 그들은 '좀 더 전통적인 것'을 원했습니다. 그녀는 전문적으로 미소 짓고 악수를 한 뒤, 차에 도착할 때까지 눈물이 흐르는 것을 참았습니다.",""
"emotions.sad-1-hurt.name","Hurt","상처받은","Emotion name; verify it captures the same shade of meaning as the English."
"emotions.sad-1-hurt.category","Sadness","슬픔","MUST match getCategoryColor()/getCategoryClass() in script.js. All 4 Sadness emotions must use identical category string."
"emotions.sad-1-hurt.description","Emotional pain caused by something or someone. Hurt feelings often arise from perceived rejection, criticism, or loss.","무언가 또는 누군가에 의한 감정적 고통입니다. 상처받은 감정은 종종 거부, 비판 또는 상실에서 비롯됩니다.",""
"emotions.sad-1-hurt.question","What value or relationship was impacted? What healing or repair would help?","어떤 가치나 관계가 영향을 받았나요? 어떤 치유나 회복이 도움이 될까요?",""
"emotions.sad-1-hurt.overloadRisk","If you over-use this feeling, you may hold onto grudges, assume bad intentions, or close yourself off from repair.","이 느낌을 과도하게 사용하면 원한을 품거나, 나쁜 의도를 가정하거나, 회복의 기회를 차단할 수 있습니다.",""
"emotions.sad-1-hurt.overloadTip","To balance, acknowledge the pain and why it matters, then consider whether and how you want to communicate it or seek healing support.","균형을 위해, 고통과 그것이 중요한 이유를 인정한 다음, 그것을 전달하거나 치유의 지원을 받고 싶은지 고려하세요.",""
"emotions.sad-1-hurt.adaptivePurpose","Signals that something or someone important has wounded your sense of safety, worth, or connection.","중요한 무언가 또는 누군가가 안전감, 자기 가치 또는 연결의 감각을 다치게 했다는 신호입니다.",""
"emotions.sad-1-hurt.relatedFeelings","Dismayed, Threatened, Wounded","낙담한, 위협받는, 상처 입은","Comma-separated list of related feelings"
"emotions.sad-1-hurt.borderInfo","Hurt is near Surprise because it often comes from unexpected emotional wounds.","상처받은 느낌은 종종 예상치 못한 감정적 상처에서 오기 때문에 놀라움 영역에 가깝습니다.",""
"emotions.sad-1-hurt.story","""I just don't think you're leadership material."" The words from his mentor—someone he'd trusted for years—landed like a punch. Robert had shared his dreams of running his own department someday, made himself vulnerable. Now that vulnerability felt like a mistake. The criticism might have been constructive, but wrapped in that dismissive phrase, it just felt like betrayal.","'당신은 리더 자질이 없다고 봅니다.' 수년간 신뢰했던 멘토의 말은 주먹처럼 다가왔습니다. 로버트는 언젠가 자기 부서를 이끄는 꿈을 나누며 자신을 취약하게 내보였습니다. 이제 그 취약함이 실수처럼 느껴졌습니다. 비판은 건설적이었을 수도 있지만, 그 무시하는 듯한 표현에 싸여서 배신처럼 느껴질 뿐이었습니다.",""
"emotions.sad-2-depressed.name","Depressed","우울한","Emotion name; verify it captures the same shade of meaning as the English."
"emotions.sad-2-depressed.category","Sadness","슬픔","MUST match getCategoryColor()/getCategoryClass() in script.js. All 4 Sadness emotions must use identical category string."
"emotions.sad-2-depressed.description","A state of deep sadness and low energy. Depression can make everything feel heavy and difficult to manage.","깊은 슬픔과 낮은 에너지의 상태입니다. 우울은 모든 것을 무겁고 감당하기 어렵게 느끼게 할 수 있습니다.",""
"emotions.sad-2-depressed.question","What feels depleted or hopeless? What small source of care, support, or meaning can you reconnect with?","무엇이 고갈되거나 절망적으로 느껴지나요? 다시 연결할 수 있는 작은 배려, 지원 또는 의미의 원천은 무엇인가요?",""
"emotions.sad-2-depressed.overloadRisk","If you over-use this feeling, you may stop seeing any possibility, withdraw completely, or neglect basic self-care.","이 느낌을 과도하게 사용하면 어떤 가능성도 보지 못하고, 완전히 물러나거나, 기본적인 자기 관리를 소홀히 할 수 있습니다.",""
"emotions.sad-2-depressed.overloadTip","To balance, choose one tiny, compassionate action—such as reaching out, moving your body, or doing one simple task—that adds a bit of structure or support.","균형을 위해, 한 가지 작고 자비로운 행동을 선택하세요 -- 누군가에게 연락하거나, 몸을 움직이거나, 간단한 일 하나를 하는 것 -- 약간의 구조나 지원을 더해주는 것입니다.",""
"emotions.sad-2-depressed.adaptivePurpose","Signals that your energy, motivation, or sense of meaning has dropped and you may need rest, support, or reorientation.","에너지, 동기 또는 의미감이 떨어졌으며 휴식, 지원 또는 재정립이 필요할 수 있다는 신호입니다.",""
"emotions.sad-2-depressed.relatedFeelings","Bereft, Numb, Empty","빈곤한, 무감각한, 공허한","Comma-separated list of related feelings"
"emotions.sad-2-depressed.story","Getting out of bed had become the hardest part. Emma would lie there, knowing she had things to do, people counting on her, and feel nothing—just a heavy emptiness that made even showering feel like climbing a mountain. Colors seemed muted. Food had no taste. She went through the motions of her life while feeling like she was watching it from far away.","침대에서 일어나는 것이 가장 힘든 부분이 되었습니다. 엠마는 해야 할 일이 있고, 자신에게 의지하는 사람들이 있다는 것을 알면서도 누워서 아무것도 느끼지 못했습니다 -- 샤워조차 산을 오르는 것처럼 느껴지게 하는 무거운 공허함뿐이었습니다. 색상은 흐릿해졌습니다. 음식에는 맛이 없었습니다. 그녀는 멀리서 자기 삶을 바라보는 것 같은 느낌으로 일상을 보냈습니다.",""
"emotions.sad-2-depressed.borderInfo","Depressed is deep Sadness—energy and hope depleted. It sits between Hurt (acute pain) and Lonely (disconnection from others).","“우울한” 느낌은 깊은 슬픔—에너지와 희망이 고갈된 상태입니다. “상처받은”(날카로운 고통)과 “외로운”(타인과의 단절) 사이에 위치합니다.","Emotional algebra text; describes position between neighboring emotions"
"emotions.sad-3-lonely.name","Lonely","외로운","Emotion name; verify it captures the same shade of meaning as the English."
"emotions.sad-3-lonely.category","Sadness","슬픔","MUST match getCategoryColor()/getCategoryClass() in script.js. All 4 Sadness emotions must use identical category string."
"emotions.sad-3-lonely.description","A painful feeling of isolation or disconnection from others. Loneliness highlights our need for meaningful connection.","다른 사람과의 고립이나 단절에 대한 고통스러운 느낌입니다. 외로움은 의미 있는 연결에 대한 우리의 필요를 부각시킵니다.",""
"emotions.sad-3-lonely.question","What connection do you need right now? Who could help you feel more seen or supported?","지금 어떤 연결이 필요한가요? 누가 당신을 더 보이게 하거나 지지해 줄 수 있을까요?",""
"emotions.sad-3-lonely.overloadRisk","If you over-use this feeling, you may believe you are fundamentally alone or unlovable and pull back even more.","이 느낌을 과도하게 사용하면 근본적으로 혼자이거나 사랑받을 수 없다고 믿고 더 물러날 수 있습니다.",""
"emotions.sad-3-lonely.overloadTip","To balance, identify one small, safe way to reach toward connection—a message, a call, a shared space, or naming your need to someone you trust.","균형을 위해, 연결을 향한 작고 안전한 방법 하나를 찾으세요 -- 메시지, 전화, 함께하는 공간, 또는 신뢰하는 사람에게 당신의 필요를 말하는 것입니다.",""
"emotions.sad-3-lonely.adaptivePurpose","Signals that your need for connection, belonging, or being seen is not being met.","연결, 소속감 또는 보여지는 것에 대한 필요가 충족되지 않고 있다는 신호입니다.",""
"emotions.sad-3-lonely.relatedFeelings","Abandoned, Isolated, Disconnected","버려진, 고립된, 단절된","Comma-separated list of related feelings"
"emotions.sad-3-lonely.story","The apartment was full of boxes from the move. New city, new job, fresh start—everything she'd wanted. But sitting on her bare mattress that first night, phone full of contacts yet no one to call, Yuki felt the weight of her aloneness. She could hear her neighbors through the walls, living their lives, and the sounds only made the silence in her own space louder.","아파트는 이사 상자로 가득 차 있었습니다. 새 도시, 새 직장, 새로운 출발 -- 원했던 모든 것이었습니다. 하지만 첫날 밤 맨 매트리스에 앉아 연락처는 가득하지만 전화할 사람은 아무도 없는 상태에서, 유키는 자신의 외로움의 무게를 느꼈습니다. 벽 너머로 이웃들이 그들의 삶을 사는 소리가 들렸고, 그 소리는 자기 공간의 침묵을 더 크게 만들 뿐이었습니다.",""
"emotions.sad-3-lonely.borderInfo","Lonely is Sadness about connection—the pain of feeling unseen or apart. It sits between Depressed (inner emptiness) and Ashamed (self-judgment).","“외로운” 느낌은 연결에 대한 슬픔—보이지 않거나 떨어져 있다는 고통입니다. “우울한”(내면의 공허)과 “부끄러운”(자기 판단) 사이에 위치합니다.","Emotional algebra text; describes position between neighboring emotions"
"emotions.sad-4-ashamed.name","Ashamed","부끄러운","Emotion name; verify it captures the same shade of meaning as the English."
"emotions.sad-4-ashamed.category","Sadness","슬픔","MUST match getCategoryColor()/getCategoryClass() in script.js. All 4 Sadness emotions must use identical category string."
"emotions.sad-4-ashamed.description","A painful feeling of humiliation or distress caused by believing you've done something wrong or embarrassing. Shame affects how you see yourself.","잘못하거나 창피한 일을 했다는 믿음에 의한 굴욕이나 고통의 고통스러운 느낌입니다. 수치심은 자신을 바라보는 방식에 영향을 미칩니다.",""
"emotions.sad-4-ashamed.question","What standard are you holding yourself to? What self-compassion or repair would support growth?","어떤 기준으로 자신을 평가하고 있나요? 성장을 위해 어떤 자기 연민이나 회복이 도움이 될까요?",""
"emotions.sad-4-ashamed.overloadRisk","If you over-use this feeling, you may turn a specific mistake into a belief that you are bad or unworthy and hide your true self.","이 느낌을 과도하게 사용하면 특정한 실수를 자신이 나쁘거나 가치 없다는 믿음으로 바꾸고 진짜 자신을 숨길 수 있습니다.",""
"emotions.sad-4-ashamed.overloadTip","To balance, separate 'I did something' from 'I am something,' and choose one step of learning, repair, or apology that aligns with your values.","균형을 위해, '내가 무언가를 했다'와 '나는 무언가이다'를 분리하고, 가치관에 맞는 배움, 회복 또는 사과의 한 걸음을 선택하세요.",""
"emotions.sad-4-ashamed.adaptivePurpose","Signals that your behavior or choices may not match your values and invites reflection, repair, and growth.","행동이나 선택이 가치관과 맞지 않을 수 있으며 성찰, 회복 및 성장을 위한 초대라는 신호입니다.",""
"emotions.sad-4-ashamed.relatedFeelings","Remorseful, Guilty, Embarrassed","후회하는, 죄책감을 느끼는, 당혹한","Comma-separated list of related feelings"
"emotions.sad-4-ashamed.borderInfo","Ashamed is near Disgust because it involves negative judgment of oneself.","부끄러운 느낌은 자기 자신에 대한 부정적 판단을 포함하므로 혐오 영역에 가깝습니다.",""
"emotions.sad-4-ashamed.story","It was just a shortcut, he'd told himself. A few copied paragraphs in a paper no one would read closely anyway. But when the professor called him into her office, evidence spread across her desk, Michael couldn't meet her eyes. The disappointment in her voice was worse than anger would have been. He'd betrayed not just academic rules, but his own sense of who he was.","그저 지름길이라고 스스로에게 말했습니다. 어차피 아무도 꼼꼼히 읽지 않을 리포트에 몇 단락을 복사한 것뿐이었습니다. 하지만 교수가 사무실로 부르고 증거를 책상 위에 펼쳐 놓았을 때 마이클은 눈을 마주칠 수 없었습니다. 그녀의 목소리에 담긴 실망은 분노보다 더 나빴습니다. 그는 학문적 규칙만이 아니라 자기 자신이 누구인지에 대한 감각을 배반한 것이었습니다.",""
"emotions.disgust-1-dislike.name","Dislike","싫어하는","Emotion name; verify it captures the same shade of meaning as the English."
"emotions.disgust-1-dislike.category","Disgust","혐오","MUST match getCategoryColor()/getCategoryClass() in script.js. All 4 Disgust emotions must use identical category string."
"emotions.disgust-1-dislike.description","A feeling of aversion or disapproval toward something or someone. Dislike helps you identify what doesn't align with your values.","무언가 또는 누군가에 대한 혐오나 불쾌함의 느낌입니다. 싫어함은 자신의 가치관과 맞지 않는 것을 식별하는 데 도움을 줍니다.",""
"emotions.disgust-1-dislike.question","What feels misaligned with your values or preferences? What boundary or choice does this reveal?","무엇이 가치관이나 선호와 맞지 않는다고 느껴지나요? 이것이 어떤 경계나 선택을 드러내나요?",""
"emotions.disgust-1-dislike.overloadRisk","If you over-use this feeling, you may slide into harsh judgment, bias, or rejection of people or ideas too quickly.","이 느낌을 과도하게 사용하면 가혹한 판단, 편견, 사람이나 아이디어를 너무 빨리 거부하는 것으로 이어질 수 있습니다.",""
"emotions.disgust-1-dislike.overloadTip","To balance, name specifically what you dislike—behavior, style, or impact—without condemning the whole person or situation, and decide what boundary is actually needed.","균형을 위해, 구체적으로 무엇이 싫은지 -- 행동, 스타일 또는 영향 -- 를 전체 사람이나 상황을 비난하지 않고 말하고, 실제로 어떤 경계가 필요한지 결정하세요.",""
"emotions.disgust-1-dislike.adaptivePurpose","Signals that something does not fit your tastes, needs, or values and you may want distance or a different choice.","무언가가 취향, 필요 또는 가치관에 맞지 않으며 거리를 두거나 다른 선택을 원할 수 있다는 신호입니다.",""
"emotions.disgust-1-dislike.relatedFeelings","Revolted, Withdrawn, Repulsed","역겨운, 움츠러든, 거부감을 느끼는","Comma-separated list of related feelings"
"emotions.disgust-1-dislike.borderInfo","Dislike is near Sadness because it involves emotional withdrawal and rejection.","싫어하는 느낌은 감정적 철수와 거부를 포함하므로 슬픔 영역에 가깝습니다.",""
"emotions.disgust-1-dislike.story","Every comment in the meeting, every ""well, actually,"" every interruption—Grace felt her jaw tighten a little more. She couldn't point to anything overtly offensive about her new colleague, but something about his manner set her teeth on edge. By the meeting's end, she knew she'd need to find ways to limit their interactions if she wanted to stay professional.","회의에서의 모든 댓글, 모든 '사실은 말이죠,' 모든 끼어들기마다 그레이스는 턱이 점점 더 단단해지는 것을 느꼈습니다. 새 동료에 대해 명백하게 불쾌한 것은 짚어낼 수 없었지만, 그의 태도에 무언가가 신경을 건드렸습니다. 회의가 끝날 무렵 그녀는 전문적인 모습을 유지하려면 그와의 상호작용을 제한할 방법을 찾아야 한다는 것을 알았습니다.",""
"emotions.disgust-2-avoidance.name","Avoidance","회피","Emotion name; verify it captures the same shade of meaning as the English."
"emotions.disgust-2-avoidance.category","Disgust","혐오","MUST match getCategoryColor()/getCategoryClass() in script.js. All 4 Disgust emotions must use identical category string."
"emotions.disgust-2-avoidance.description","A tendency to stay away from something unpleasant or uncomfortable. Avoidance is a protective response to things that feel threatening.","불쾌하거나 불편한 것으로부터 멀리 떨어지려는 경향입니다. 회피는 위협적으로 느껴지는 것에 대한 보호적 반응입니다.",""
"emotions.disgust-2-avoidance.question","What feels unsafe, overwhelming, or draining? How can you approach it with more support or clarity?","무엇이 안전하지 않거나 압도적이거나 지치게 느껴지나요? 더 많은 지원이나 명확성을 가지고 어떻게 접근할 수 있을까요?",""
"emotions.disgust-2-avoidance.overloadRisk","If you over-use this feeling, you may delay important actions, stay stuck, or let problems quietly grow.","이 느낌을 과도하게 사용하면 중요한 행동을 지연시키거나 제자리에 머물거나 문제를 조용히 키울 수 있습니다.",""
"emotions.disgust-2-avoidance.overloadTip","To balance, break the avoided task or situation into one very small step and consider what support, information, or boundary would make it more manageable.","균형을 위해, 피하고 있는 과제나 상황을 아주 작은 한 걸음으로 나누고, 그것을 더 관리하기 쉽게 만들 지원, 정보 또는 경계를 고려하세요.",""
"emotions.disgust-2-avoidance.adaptivePurpose","Signals that something seems too threatening, overwhelming, or unpleasant to face with your current resources.","현재의 자원으로는 너무 위협적이거나 압도적이거나 불쾌해서 직면하기 어렵다는 신호입니다.",""
"emotions.disgust-2-avoidance.relatedFeelings","Hesitant, Averse, Reluctant","망설이는, 싫어하는, 꺼리는","Comma-separated list of related feelings"
"emotions.disgust-2-avoidance.story","The pile of mail on the counter had grown into a small mountain. Bills, probably. Maybe something from the IRS. Omar walked past it every day, made coffee inches away from it, and somehow never quite managed to open any of it. He knew this was making things worse. He also knew he wasn't going to deal with it today. Probably not tomorrow either.","카운터 위의 우편물 더미는 작은 산이 되어 있었습니다. 아마 청구서일 것입니다. 어쩌면 국세청에서 온 것도. 오마르는 매일 그 옆을 지나가고, 불과 몇 센티미터 옆에서 커피를 만들면서도 어쩐지 하나도 열어보지 못했습니다. 이것이 상황을 악화시키고 있다는 것을 알았습니다. 하지만 오늘은 처리하지 않을 것이라는 것도 알았습니다. 아마 내일도 아닐 것입니다.",""
"emotions.disgust-2-avoidance.borderInfo","Avoidance is Disgust in action—the impulse to create distance. It sits between Dislike (the judgment) and Awful (intense disgust).","“회피” 느낌은 행동으로 나타나는 혐오—거리를 만들려는 충동입니다. “싫어하는”(판단)과 “끔찍한”(강렬한 혐오) 사이에 위치합니다.","Emotional algebra text; describes position between neighboring emotions"
"emotions.disgust-3-aweful.name","Awful","끔찍한","Emotion name; verify it captures the same shade of meaning as the English."
"emotions.disgust-3-aweful.category","Disgust","혐오","MUST match getCategoryColor()/getCategoryClass() in script.js. All 4 Disgust emotions must use identical category string."
"emotions.disgust-3-aweful.description","A strong negative feeling about something very unpleasant or disagreeable. Feeling awful signals that something is deeply wrong or distressing.","매우 불쾌하거나 불쾌한 것에 대한 강한 부정적 느낌입니다. 끔찍하다고 느끼는 것은 무언가가 근본적으로 잘못되었거나 고통스럽다는 신호입니다.",""
"emotions.disgust-3-aweful.question","What feels harmful or unacceptable? What standard or value is signaling a need for change?","무엇이 해롭거나 받아들일 수 없다고 느껴지나요? 어떤 기준이나 가치가 변화의 필요성을 신호하고 있나요?",""
"emotions.disgust-3-aweful.overloadRisk","If you over-use this feeling, you may catastrophize, feel hopeless about change, or respond with only outrage instead of strategy.","이 느낌을 과도하게 사용하면 재앙적으로 생각하거나, 변화에 대해 절망하거나, 전략 대신 분노만으로 반응할 수 있습니다.",""
"emotions.disgust-3-aweful.overloadTip","To balance, clarify what exactly is harmful, then choose one realistic action—personal, relational, or systemic—that moves even slightly toward repair.","균형을 위해, 정확히 무엇이 해로운지를 명확히 한 다음, 약간이라도 회복을 향해 움직이는 현실적인 행동 하나를 선택하세요 -- 개인적, 관계적 또는 체계적으로.",""
"emotions.disgust-3-aweful.adaptivePurpose","Signals that something feels deeply wrong, harmful, or out of integrity with your core values.","무언가가 근본적으로 잘못되었거나, 해롭거나, 핵심 가치관과 어긋난다고 느끼는 신호입니다.",""
"emotions.disgust-3-aweful.relatedFeelings","Repelled, Detested, Horrible","밀어내고 싶은, 혐오하는, 끔찍한","Comma-separated list of related feelings"
"emotions.disgust-3-aweful.story","The documentary showed footage from the factory farms—animals in conditions she couldn't unsee. Natalie had known, intellectually, where her food came from. But knowing and seeing were different things. She closed her laptop, stomach churning, feeling implicated in something she'd never really let herself think about before.","다큐멘터리는 공장식 농장의 영상을 보여주었습니다 -- 잊을 수 없는 환경의 동물들. 나탈리는 지적으로는 음식이 어디서 오는지 알고 있었습니다. 하지만 아는 것과 보는 것은 다른 것이었습니다. 노트북을 닫고, 속이 뒤틀리며, 한 번도 제대로 생각해보지 않았던 무언가에 연루되어 있다고 느꼈습니다.",""
"emotions.disgust-3-aweful.borderInfo","Awful is the intense center of Disgust—a visceral rejection of something harmful. It sits between Avoidance (behavioral response) and Disapproval (moral judgment).","“끔찍한” 느낌은 혐오의 강렬한 중심—해로운 것에 대한 본능적 거부입니다. “회피”(행동적 반응)과 “불찬성”(도덕적 판단) 사이에 위치합니다.","Emotional algebra text; describes position between neighboring emotions"
"emotions.disgust-4-disapproval.name","Disapproval","불찬성","Emotion name; verify it captures the same shade of meaning as the English."
"emotions.disgust-4-disapproval.category","Disgust","혐오","MUST match getCategoryColor()/getCategoryClass() in script.js. All 4 Disgust emotions must use identical category string."
"emotions.disgust-4-disapproval.description","A negative judgment or opinion about someone or something. Disapproval reflects a conflict between your values and what you observe.","누군가 또는 무언가에 대한 부정적인 판단이나 의견입니다. 불찬성은 자신의 가치관과 관찰하는 것 사이의 갈등을 반영합니다.",""
"emotions.disgust-4-disapproval.question","What expectation wasn't met? What value is prompting this reaction, and what change do you hope for?","어떤 기대가 충족되지 않았나요? 어떤 가치가 이 반응을 촉발하고 있으며, 어떤 변화를 희망하나요?",""
"emotions.disgust-4-disapproval.overloadRisk","If you over-use this feeling, you may become rigid, overly critical, or alienating to others.","이 느낌을 과도하게 사용하면 경직되거나, 지나치게 비판적이 되거나, 다른 사람들을 멀리할 수 있습니다.",""
"emotions.disgust-4-disapproval.overloadTip","To balance, connect to the value underneath your disapproval and express it in a way that invites dialogue and improvement, not shame.","균형을 위해, 불찬성 아래에 있는 가치관과 연결하고, 수치심이 아니라 대화와 개선을 초대하는 방식으로 표현하세요.",""
"emotions.disgust-4-disapproval.adaptivePurpose","Signals that a behavior or outcome does not meet your standards or values and that you care about doing better.","행동이나 결과가 기준이나 가치관에 부합하지 않으며, 더 잘하는 것에 대해 관심이 있다는 신호입니다.",""
"emotions.disgust-4-disapproval.relatedFeelings","Loathing, Judgmental, Critical","혐오하는, 판단적인, 비판적인","Comma-separated list of related feelings"
"emotions.disgust-4-disapproval.borderInfo","Disapproval is near Anger because it involves critical evaluation and potential confrontation.","불찬성 느낌은 비판적 평가와 잠재적 대면을 포함하므로 분노 영역에 가깝습니다.",""
"emotions.disgust-4-disapproval.story","Watching his son scroll through his phone during their grandmother's birthday speech, Richard felt his expression harden. The old woman was sharing memories of her late husband, her voice cracking with emotion, and Tyler couldn't be bothered to look up for five minutes. Richard caught his son's eye and gave a slow shake of his head. Some things shouldn't need to be explained.","할머니의 생일 축사 중에 아들이 휴대폰을 스크롤하는 것을 보며 리처드는 표정이 굳어지는 것을 느꼈습니다. 할머니는 돌아가신 남편의 추억을 나누며 목소리가 갈라지고 있었는데, 타일러는 5분도 고개를 들 수 없었습니다. 리처드는 아들의 눈을 잡고 천천히 고개를 저었습니다. 어떤 것들은 설명할 필요가 없어야 합니다.",""
"emotions.anger-1-aggressive.name","Aggressive","공격적인","Emotion name; verify it captures the same shade of meaning as the English."
"emotions.anger-1-aggressive.category","Anger","분노","MUST match getCategoryColor()/getCategoryClass() in script.js. All 4 Anger emotions must use identical category string."
"emotions.anger-1-aggressive.description","A forceful and confrontational expression of anger. Aggression is often a response to feeling threatened or frustrated.","분노의 강력하고 대립적인 표현입니다. 공격성은 종종 위협받거나 좌절감을 느끼는 것에 대한 반응입니다.",""
"emotions.anger-1-aggressive.question","What boundary needs to be protected? What matters enough that you feel compelled to act?","어떤 경계가 보호되어야 하나요? 행동하지 않을 수 없을 정도로 중요한 것은 무엇인가요?",""
"emotions.anger-1-aggressive.overloadRisk","If you over-use this feeling, you may lash out in ways that harm others, escalate conflict, or undermine your own goals.","이 느낌을 과도하게 사용하면 다른 사람을 해치거나, 갈등을 고조시키거나, 자신의 목표를 훼손하는 방식으로 분출할 수 있습니다.",""
"emotions.anger-1-aggressive.overloadTip","To balance, pause before acting, use the energy to choose clear and firm words or actions, and focus on the outcome you truly want.","균형을 위해, 행동하기 전에 멈추고, 그 에너지를 명확하고 단호한 말이나 행동을 선택하는 데 사용하며, 진정으로 원하는 결과에 집중하세요.",""
"emotions.anger-1-aggressive.adaptivePurpose","Signals that you perceive a serious threat, injustice, or violation and feel a strong drive to defend or protect.","심각한 위협, 부당함 또는 위반을 인식하고 방어하거나 보호하려는 강한 충동을 느끼고 있다는 신호입니다.",""
"emotions.anger-1-aggressive.relatedFeelings","Hostile, Provoked, Combative","적대적인, 자극받은, 전투적인","Comma-separated list of related feelings"
"emotions.anger-1-aggressive.borderInfo","Aggressive is near Disgust because it involves rejecting or pushing away what's unacceptable.","공격적인 느낌은 받아들일 수 없는 것을 거부하거나 밀어내는 것을 포함하므로 혐오 영역에 가깝습니다.",""
"emotions.anger-1-aggressive.story","""Say that again."" Victor's voice was low, dangerous. The man at the bar had made a comment about his wife—loud enough to be heard, quiet enough to deny. Victor felt his hands curl into fists, felt the familiar heat rising in his chest. Every instinct screamed at him to make this guy regret opening his mouth. His wife's hand on his arm was the only thing holding him back.","'다시 한 번 말해 봐.' 빅터의 목소리는 낮고 위험했습니다. 바에서 한 남자가 그의 아내에 대해 댓글을 달았습니다 -- 들릴 만큼 크게, 부인할 수 있을 만큼 조용하게. 빅터는 주먹이 쥐어지고 가슴에서 익숙한 열기가 올라오는 것을 느꼈습니다. 모든 본능이 이 남자가 입을 연 것을 후회하게 만들라고 소리쳤습니다. 아내가 팔을 잡는 것만이 그를 붙잡고 있었습니다.",""
"emotions.anger-2-mad.name","Mad","화난","Emotion name; verify it captures the same shade of meaning as the English."
"emotions.anger-2-mad.category","Anger","분노","MUST match getCategoryColor()/getCategoryClass() in script.js. All 4 Anger emotions must use identical category string."
"emotions.anger-2-mad.description","An intense feeling of displeasure or rage. Being mad signals that something has violated your boundaries or expectations.","강렬한 불쾌함이나 격분의 느낌입니다. 화가 나는 것은 무언가가 당신의 경계나 기대를 위반했다는 신호입니다.",""
"emotions.anger-2-mad.question","What value or expectation was violated? What do you need to express or repair?","어떤 가치나 기대가 위반되었나요? 무엇을 표현하거나 회복해야 하나요?",""
"emotions.anger-2-mad.overloadRisk","If you over-use this feeling, you may hold grudges, replay the story, or attack rather than seek resolution.","이 느낌을 과도하게 사용하면 원한을 품거나, 이야기를 반복하거나, 해결을 찾기보다 공격할 수 있습니다.",""
"emotions.anger-2-mad.overloadTip","To balance, name specifically what was not okay and decide whether you want to set a boundary, ask for change, or consciously let it go.","균형을 위해, 구체적으로 무엇이 괜찮지 않았는지 말하고, 경계를 설정할지, 변화를 요청할지, 의식적으로 내려놓을지 결정하세요.",""
"emotions.anger-2-mad.adaptivePurpose","Signals that something feels unfair or not okay and that you want change or acknowledgment.","무언가가 불공정하거나 괜찮지 않다고 느끼며 변화나 인정을 원한다는 신호입니다.",""
"emotions.anger-2-mad.relatedFeelings","Enraged, Furious, Livid","격분한, 격노한, 극도로 화난","Comma-separated list of related feelings"
"emotions.anger-2-mad.story","Three hours. Three hours she'd been waiting for the cable company, watching the window between ""12 and 4"" slowly tick away. When her phone finally rang at 4:30—""We need to reschedule""—Diane felt something snap. The carefully worded complaint she'd prepared vanished, replaced by a flood of every frustration she'd swallowed for months. The customer service rep didn't deserve it, but he got it anyway.","세 시간. 그녀는 케이블 회사를 위해 세 시간을 기다렸고, '12시에서 4시 사이'의 시간이 천천히 흘러가는 것을 지켜보았습니다. 마침내 4시 30분에 전화가 울렸을 때 -- '일정을 재조정해야 합니다' -- 다이앤은 무언가가 끊어지는 것을 느꼈습니다. 신중하게 준비했던 불만 사항은 사라지고, 몇 달간 삼켰던 모든 좌절감이 쏟아져 나왔습니다. 고객 서비스 직원은 그럴 자격이 없었지만 그가 받았습니다.",""
"emotions.anger-2-mad.borderInfo","Mad is the hot center of Anger—intense displeasure at a violation. It sits between Aggressive (action-ready) and Frustrated (blocked goals).","“화난” 느낌은 분노의 뜨거운 중심—위반에 대한 강렬한 불쾌입니다. “공격적인”(행동 준비가 된)과 “좌절한”(목표가 차단된) 사이에 위치합니다.","Emotional algebra text; describes position between neighboring emotions"
"emotions.anger-3-frustrated.name","Frustrated","좌절한","Emotion name; verify it captures the same shade of meaning as the English."
"emotions.anger-3-frustrated.category","Anger","분노","MUST match getCategoryColor()/getCategoryClass() in script.js. All 4 Anger emotions must use identical category string."
"emotions.anger-3-frustrated.description","A feeling of upset or annoyance when unable to achieve something. Frustration arises from blocked goals or unmet needs.","무언가를 달성할 수 없을 때의 불쾌함이나 짜증의 느낌입니다. 좌절은 차단된 목표나 충족되지 않은 필요에서 비롯됩니다.",""
"emotions.anger-3-frustrated.question","What's getting in the way of your goal? What shift—internal or external—would help you move forward?","무엇이 목표를 방해하고 있나요? 어떤 변화 -- 내부적이든 외부적이든 -- 가 전진하는 데 도움이 될까요?",""
"emotions.anger-3-frustrated.overloadRisk","If you over-use this feeling, you may give up, blame others, or push people too hard.","이 느낌을 과도하게 사용하면 포기하거나, 남을 탓하거나, 사람들을 너무 몰아붙일 수 있습니다.",""
"emotions.anger-3-frustrated.overloadTip","To balance, step back to clarify your goal, then choose one different approach, request, or boundary that could unlock movement.","균형을 위해, 한 걸음 물러서서 목표를 명확히 한 다음, 움직임을 이끌어낼 수 있는 다른 접근 방식, 요청 또는 경계 하나를 선택하세요.",""
"emotions.anger-3-frustrated.adaptivePurpose","Signals that your effort is blocked and you want progress, efficiency, or a different result.","노력이 막혀 있으며 진전, 효율성 또는 다른 결과를 원하고 있다는 신호입니다.",""
"emotions.anger-3-frustrated.relatedFeelings","Annoyed, Irritated, Exasperated","짜증난, 화가 난, 지친","Comma-separated list of related feelings"
"emotions.anger-3-frustrated.story","The code should work. Alex had checked every line, compared it to the documentation, even copied examples directly. Still, the same error message, mocking him in red. He'd been at this for six hours. His coffee was cold. The solution was probably something obvious, something he'd kick himself for missing. But right now, all he wanted was to throw his laptop out the window.","코드는 작동해야 했습니다. 알렉스는 모든 줄을 확인하고, 문서와 비교하고, 예시를 직접 복사까지 했습니다. 그래도 같은 오류 메시지가 빨간색으로 그를 비웃었습니다. 여섯 시간째였습니다. 커피는 차가워졌습니다. 해답은 아마 뻔한 것일 테고, 나중에 놓친 것을 알면 자신을 탓할 것입니다. 하지만 지금은 노트북을 창 밖으로 던지고 싶을 뿐이었습니다.",""
"emotions.anger-3-frustrated.borderInfo","Frustrated is Anger meeting obstacles—the energy to change something that isn't working. It sits between Mad (intense anger) and Critical (analytical anger).","“좌절한” 느낌은 분노가 장애물을 만나는 것—작동하지 않는 것을 바꾸려는 에너지입니다. “화난”(강렬한 분노)과 “비판적인”(분석적 분노) 사이에 위치합니다.","Emotional algebra text; describes position between neighboring emotions"
"emotions.anger-4-critical.name","Critical","비판적인","Emotion name; verify it captures the same shade of meaning as the English."
"emotions.anger-4-critical.category","Anger","분노","MUST match getCategoryColor()/getCategoryClass() in script.js. All 4 Anger emotions must use identical category string."
"emotions.anger-4-critical.description","A tendency to find fault or judge harshly. Being critical can be a form of anger directed at perceived flaws or failures.","결함을 찾거나 가혹하게 판단하는 경향입니다. 비판적이 되는 것은 인식된 결함이나 실패에 대한 분노의 한 형태일 수 있습니다.",""
"emotions.anger-4-critical.question","What improvement do you see is needed? What outcome are you trying to protect or enhance?","어떤 개선이 필요하다고 보나요? 어떤 결과를 보호하거나 향상시키려고 하나요?",""
"emotions.anger-4-critical.overloadRisk","If you over-use this feeling, you may default to fault-finding, discourage others, or block creativity and experimentation.","이 느낌을 과도하게 사용하면 결함 찾기가 기본이 되거나, 다른 사람들의 의욕을 꺾거나, 창의성과 실험을 차단할 수 있습니다.",""
"emotions.anger-4-critical.overloadTip","To balance, acknowledge at least one thing that is working before naming concerns, and frame your critique as a contribution to shared improvement.","균형을 위해, 우려 사항을 말하기 전에 잘 작동하는 것 하나를 인정하고, 비판을 공유된 개선에 대한 기여로 표현하세요.",""
"emotions.anger-4-critical.adaptivePurpose","Signals that you notice risks, errors, or potential improvements and care about quality or integrity.","위험, 오류 또는 잠재적 개선 사항을 발견하고 품질이나 진정성에 관심이 있다는 신호입니다.",""
"emotions.anger-4-critical.relatedFeelings","Sarcastic, Skeptical, Judgmental","비꼬는, 회의적인, 판단적인","Comma-separated list of related feelings"
"emotions.anger-4-critical.borderInfo","Critical is near Anticipation because it involves vigilance and preparation against potential problems.","비판적인 느낌은 경계와 잠재적 문제에 대한 대비를 포함하므로 기대 영역에 가깝습니다.",""
"emotions.anger-4-critical.story","""It's fine, I guess."" Sophie watched her roommate's face fall at the lukewarm response to her new painting. She hadn't meant to be harsh, but she could see every flaw—the muddy colors, the uncertain brushwork, the derivative composition. The kindest thing would have been encouraging words. Instead, she'd let her standards speak for her, and now the moment to be supportive had passed.","'괜찮은 것 같아.' 소피는 새 그림에 대한 미지근한 반응에 룸메이트의 얼굴이 처지는 것을 지켜보았습니다. 거칠게 말하려던 것은 아니었지만, 탁한 색상, 불확실한 붓 터치, 파생적인 구성 등 모든 결점이 보였습니다. 가장 친절한 것은 격려의 말이었을 것입니다. 대신 그녀의 기준이 대신 말하게 되었고, 이제 격려할 수 있는 순간은 지나가 버렸습니다.",""
"emotions.anticipation-1-excited.name","Excited","신나는","Emotion name; verify it captures the same shade of meaning as the English."
"emotions.anticipation-1-excited.category","Anticipation","기대","MUST match getCategoryColor()/getCategoryClass() in script.js. All 4 Anticipation emotions must use identical category string."
"emotions.anticipation-1-excited.description","A feeling of enthusiastic eagerness about something that's going to happen. Excitement energizes you and creates positive anticipation.","앞으로 일어날 일에 대한 열정적인 기대의 느낌입니다. 흥분은 에너지를 주고 긍정적인 기대를 만듭니다.",""
"emotions.anticipation-1-excited.question","What opportunity is energizing you? How can you channel this energy into intentional action?","어떤 기회가 에너지를 주고 있나요? 이 에너지를 의도적인 행동으로 어떻게 전환할 수 있나요?",""
"emotions.anticipation-1-excited.overloadRisk","If you over-use this feeling, you may overcommit, rush ahead without planning, or burn out.","이 느낌을 과도하게 사용하면 너무 많은 것을 약속하거나, 계획 없이 서두르거나, 번아웃될 수 있습니다.",""
"emotions.anticipation-1-excited.overloadTip","To balance, match your energy with a realistic plan and pacing, and choose one clear next step instead of trying to do everything at once.","균형을 위해, 에너지를 현실적인 계획과 페이스에 맞추고, 모든 것을 한꺼번에 하려 하기보다 명확한 다음 단계 하나를 선택하세요.",""
"emotions.anticipation-1-excited.adaptivePurpose","Signals that you feel energized by a possibility and are ready to engage with it.","가능성에 의해 활력을 얻고 그것에 참여할 준비가 되어 있다는 신호입니다.",""
"emotions.anticipation-1-excited.relatedFeelings","Passionate, Energized, Thrilled","열정적인, 에너지 넘치는, 전율하는","Comma-separated list of related feelings"
"emotions.anticipation-1-excited.borderInfo","Excited is near Anger because it involves intense energy and readiness for action.","신나는 느낌은 강렬한 에너지와 행동에 대한 준비를 포함하므로 분노 영역에 가깝습니다.",""
"emotions.anticipation-1-excited.story","The concert was still three weeks away, but Jasmine had already planned her outfit, made a playlist of songs to re-learn, and started counting down the days. She'd been following this band since middle school, knew every album, every interview. The fact that she'd actually gotten tickets—good tickets—still didn't feel entirely real.","콘서트는 아직 삼 주나 남았지만 재스민은 이미 옷을 골라놓고, 다시 배울 노래 플레이리스트를 만들고, 카운트다운을 시작했습니다. 그녀는 중학교 때부터 이 밴드를 따라왔고, 모든 앨범과 인터뷰를 알고 있었습니다. 실제로 티켓을 -- 좋은 좌석으로 -- 구했다는 사실이 아직 완전히 실감나지 않았습니다.",""
"emotions.anticipation-2-eager.name","Eager","열망하는","Emotion name; verify it captures the same shade of meaning as the English."
"emotions.anticipation-2-eager.category","Anticipation","기대","MUST match getCategoryColor()/getCategoryClass() in script.js. All 4 Anticipation emotions must use identical category string."
"emotions.anticipation-2-eager.description","A keen desire or readiness to do or experience something. Eagerness drives you forward with enthusiasm and motivation.","무언가를 하거나 경험하려는 강렬한 욕구나 준비 상태입니다. 열망은 열정과 동기로 앞으로 나아가게 합니다.",""
"emotions.anticipation-2-eager.question","What do you want to move toward? What first step would move you in that direction?","무엇을 향해 움직이고 싶은가요? 그 방향으로 나아갈 첫 번째 단계는 무엇인가요?",""
"emotions.anticipation-2-eager.overloadRisk","If you over-use this feeling, you may ignore red flags, skip reflection, or say yes too often.","이 느낌을 과도하게 사용하면 경고 신호를 무시하거나, 성찰을 건너뛰거나, 너무 자주 동의할 수 있습니다.",""
"emotions.anticipation-2-eager.overloadTip","To balance, pause to ask what information, boundaries, or preparation you need before you move, then take a thoughtful first step.","균형을 위해, 움직이기 전에 어떤 정보, 경계 또는 준비가 필요한지 물어보고, 그 다음 신중한 첫 걸음을 내딛으세요.",""
"emotions.anticipation-2-eager.adaptivePurpose","Signals that you feel ready to pursue something and want to move quickly toward it.","무언가를 추구할 준비가 되어 있고 빠르게 그것을 향해 나아가고 싶다는 신호입니다.",""
"emotions.anticipation-2-eager.relatedFeelings","Enthusiastic, Motivated, Keen","열정적인, 동기부여된, 간절한","Comma-separated list of related feelings"
"emotions.anticipation-2-eager.story","When the email came through—""Your application has been approved""—Ben was already grabbing his car keys. The rescue shelter closed in an hour, and somewhere inside was the dog he'd seen online, the one with the goofy ears and the soulful eyes. Six months of researching breeds, preparing his apartment, waiting for the right moment. Today was the day.","이메일이 도착했습니다 -- '신청이 승인되었습니다.' 벤은 이미 차 열쇠를 잡고 있었습니다. 구조 센터는 한 시간 후에 문을 닫고, 그 안 어딘가에 온라인에서 본 그 개가 있었습니다 -- 우스꽝스러운 귀와 애잔한 눈을 가진. 품종을 조사하고, 아파트를 준비하고, 적절한 시기를 기다린 6개월. 오늘이 그 날이었습니다.",""
"emotions.anticipation-2-eager.borderInfo","Eager is Anticipation in motion—ready and wanting to engage. It sits between Excited (high energy) and Interested (curious engagement).","“열망하는” 느낌은 움직이는 기대—준비가 되어 참여하고 싶은 상태입니다. “신나는”(높은 에너지)과 “관심 있는”(호기심 어린 참여) 사이에 위치합니다.","Emotional algebra text; describes position between neighboring emotions"
"emotions.anticipation-3-interested.name","Interested","관심 있는","Emotion name; verify it captures the same shade of meaning as the English."
"emotions.anticipation-3-interested.category","Anticipation","기대","MUST match getCategoryColor()/getCategoryClass() in script.js. All 4 Anticipation emotions must use identical category string."
"emotions.anticipation-3-interested.description","A feeling of wanting to learn more or be involved in something. Interest draws your attention and curiosity toward new experiences.","무언가에 대해 더 배우거나 참여하고 싶은 느낌입니다. 관심은 새로운 경험을 향해 주의와 호기심을 끌어당깁니다.",""
"emotions.anticipation-3-interested.question","What is drawing your attention? What feels worth exploring or understanding more deeply?","무엇이 주의를 끌고 있나요? 무엇을 더 깊이 탐구하거나 이해할 가치가 있다고 느껴지나요?",""
"emotions.anticipation-3-interested.overloadRisk","If you over-use this feeling, you may scatter your focus, start many things, and finish few.","이 느낌을 과도하게 사용하면 초점이 분산되어 많은 것을 시작하고 거의 완료하지 못할 수 있습니다.",""
"emotions.anticipation-3-interested.overloadTip","To balance, consciously choose one focus area for now and capture other interests on a list for later, so you can explore with intention.","균형을 위해, 지금은 한 가지 초점 영역을 의식적으로 선택하고 다른 관심사는 나중을 위해 목록에 적어두어 의도를 가지고 탐구할 수 있게 하세요.",""
"emotions.anticipation-3-interested.adaptivePurpose","Signals that your curiosity is activated and you see potential value in learning or exploring.","호기심이 활성화되어 배우거나 탐구하는 것에 잠재적 가치를 보고 있다는 신호입니다.",""
"emotions.anticipation-3-interested.relatedFeelings","Impatient, Curious, Engaged","참을성 없는, 호기심 많은, 몰입한","Comma-separated list of related feelings"
"emotions.anticipation-3-interested.story","""Tell me more about that."" Professor Walsh leaned forward, genuinely curious. The student's thesis proposal wasn't polished yet, but there was something there—an unexpected connection between fields that rarely spoke to each other. Her mind was already racing with questions, potential research directions, colleagues who might want to collaborate. This was why she loved academia.","'그것에 대해 더 말씀해 주세요.' 월시 교수는 진정으로 호기심 어린 눈으로 몸을 앞으로 기울였습니다. 학생의 논문 제안서는 아직 다듬어지지 않았지만, 거기에는 무언가가 있었습니다 -- 좀처럼 대화하지 않는 분야들 사이의 예상치 못한 연결. 그녀의 마음은 이미 질문들, 잠재적 연구 방향들, 협업하고 싶어할 동료들로 빠르게 돌아가고 있었습니다. 이것이 학문을 사랑하는 이유였습니다.",""
"emotions.anticipation-3-interested.borderInfo","Interested is the thoughtful heart of Anticipation—attention drawn toward something worth exploring. It sits between Eager (ready to act) and Stressed (overwhelmed by demands).","“관심 있는” 느낌은 기대의 사려 깊은 핵심—탐구할 가치가 있는 것에 주의가 끌리는 상태입니다. “열망하는”(행동할 준비가 된)과 “스트레스 받는”(요구에 압도된) 사이에 위치합니다.","Emotional algebra text; describes position between neighboring emotions"
"emotions.anticipation-4-stressed.name","Stressed","스트레스 받는","Emotion name; verify it captures the same shade of meaning as the English."
"emotions.anticipation-4-stressed.category","Anticipation","기대","MUST match getCategoryColor()/getCategoryClass() in script.js. All 4 Anticipation emotions must use identical category string."
"emotions.anticipation-4-stressed.description","A state of mental or emotional strain from demanding circumstances. Stress signals that you're facing challenges that require energy and resources.","요구하는 상황으로 인한 정신적 또는 감정적 긴장의 상태입니다. 스트레스는 에너지와 자원이 필요한 도전에 직면하고 있다는 신호입니다.",""
"emotions.anticipation-4-stressed.question","What pressures need attention? Where do you need relief, support, or clearer boundaries?","어떤 압박이 주의를 필요로 하나요? 어디에서 완화, 지원 또는 더 명확한 경계가 필요한가요?",""
"emotions.anticipation-4-stressed.overloadRisk","If you over-use this feeling, you may run in crisis mode, make reactive decisions, or exhaust yourself.","이 느낌을 과도하게 사용하면 위기 모드로 달리거나, 반사적인 결정을 내리거나, 자신을 소진시킬 수 있습니다.",""
"emotions.anticipation-4-stressed.overloadTip","To balance, identify one demand you can reduce, delegate, or delay and one brief practice that helps restore your energy or clarity.","균형을 위해, 줄이거나, 위임하거나, 미룰 수 있는 요구 하나와 에너지나 명확성을 회복하는 데 도움이 되는 짧은 실천 하나를 찾으세요.",""
"emotions.anticipation-4-stressed.adaptivePurpose","Signals that demands feel greater than your current resources and something needs to change.","요구가 현재 자원보다 크게 느껴지며 무언가가 바뀌어야 한다는 신호입니다.",""
"emotions.anticipation-4-stressed.relatedFeelings","Overwhelmed, Pressured, Tense","압도된, 압박받는, 긴장된","Comma-separated list of related feelings"
"emotions.anticipation-4-stressed.borderInfo","Stressed is near Joy because it involves high energy focused on achieving positive outcomes.","스트레스 받는 느낌은 긍정적인 결과를 달성하는 데 집중된 높은 에너지를 포함하므로 기쁨 영역에 가깝습니다.",""
"emotions.anticipation-4-stressed.story","The wedding was in ten days. The caterer had just canceled. Her mother-in-law was ""suggesting"" seating chart changes. The alterations on her dress weren't done. And now, scrolling through her phone at midnight, Hannah discovered that the forecast called for rain. She could feel the pressure building behind her eyes, the familiar tightness in her chest. Something was going to have to give.","결혼식이 열흘 앞으로 다가왔습니다. 케이터링 업체가 방금 취소했습니다. 시어머니가 좌석 배치 변경을 '제안'하고 있었습니다. 드레스 수선이 끝나지 않았습니다. 그리고 자정에 휴대폰을 스크롤하다가 한나는 일기 예보에 비가 올 것이라는 것을 발견했습니다. 눈 뒤에 압력이 쌓이고 가슴에 익숙한 긴장감이 느껴졌습니다. 무언가가 양보해야 할 것이었습니다.",""
