"key","english","chinese","claude_note"
"ui.title","Emotional Wisdom Wheel","情绪智慧之轮","Main page title; keep concise"
"ui.welcomeMessage","This interactive wheel helps you identify and understand different emotions.","这个互动轮盘帮助你识别和理解不同的情绪。",""
"ui.howToUseTitle","How to use:","使用方法：",""
"ui.howToUseSteps[0]","Hover over any segment to highlight it","将鼠标悬停在任意扇区上以高亮显示",""
"ui.howToUseSteps[1]","Click on a segment to learn more about that emotion","点击扇区了解该情绪的更多信息",""
"ui.howToUseSteps[2]","Explore the 8 core emotions and 32 related feelings","探索8种核心情绪和32种相关感受",""
"ui.copyright","©Joshua Freedman from the new book:","©Joshua Freedman 新书：","Legal text; keep format similar"
"ui.copyrightLink","Emotion Rules","Emotion Rules","Book title; keep in English"
"ui.version","v3.3","v3.3","Version string; keep as-is"
"ui.modalClose","×","×","Close button symbol; keep as-is"
"ui.relatedFeelingsLabel","Variations","情绪变体","Section heading label; keep short"
"ui.borderInfoLabel","Border Insight","边界洞察","Section heading label; keep short"
"ui.quotesLabel","Inspirational Quotes","启发性引言","Section heading label; keep short"
"ui.adaptivePurposeLabel","Adaptive Purpose","适应性功能","Section heading label; keep short"
"ui.overloadRiskLabel","Overload Risk","过载风险","Section heading label; keep short"
"ui.overloadTipLabel","Balance Tip","平衡建议","Section heading label; keep short"
"ui.tabEssentials","Essentials","基础","Tab label; must be very short (1-4 chars ideal for zh)"
"ui.tabAlgebra","Algebra","代数","Tab label; must be very short (1-4 chars ideal for zh)"
"ui.tabWisdom","Wisdom","智慧","Tab label; must be very short (1-4 chars ideal for zh)"
"ui.tabExamples","Examples","案例","Tab label; must be very short (1-4 chars ideal for zh)"
"ui.tabEmojis","Emojis","表情","Tab label; must be very short (1-4 chars ideal for zh)"
"ui.definitionLabel","Definition","定义","Section heading label; keep short"
"ui.emotionalAlgebraLabel","Emotional Algebra","情绪代数","Section heading label; keep short"
"ui.exploreRelatedLabel","Explore Related Feelings","探索相关情绪","Section heading label; keep short"
"ui.guidingQuestionLabel","Guiding Question","引导性问题","Section heading label; keep short"
"ui.realLifeExampleLabel","Real-Life Example","真实案例","Section heading label; keep short"
"ui.copyButton","Copy","复制","Button label; keep very short"
"ui.copiedToast","Copied!","已复制！","Toast notification; keep very short"
"ui.randomFeelingButton","🎲 Explore a Random Feeling","🎲 随机探索一种情绪","Button label; emoji prefix preserved"
"ui.noQuotes","No quotations available for this feeling.","暂无该情绪的相关引言。",""
"ui.comingSoon","Real-life examples coming soon.","真实案例即将推出。",""
"ui.subscribeModalTitle","Unlock Full Access","解锁完整内容","Modal heading; keep concise and compelling"
"ui.subscribeModalDescription","Get free access to wisdom insights and real-life examples for all 32 emotions.","免费获取32种情绪的智慧洞察和真实案例。","Modal body text"
"ui.subscribeButton","Subscribe Free","免费订阅","Button label; keep short"
"ui.firstNamePlaceholder","First name","名字","Form placeholder; keep short"
"ui.emailPlaceholder","Email address","邮箱地址","Form placeholder; keep short"
"ui.countryPlaceholder","Select your country","选择你的国家","Form placeholder; keep short"
"ui.privacyNote","We respect your privacy. Unsubscribe anytime.","我们尊重您的隐私，随时可以取消订阅。",""
"ui.subscribeSuccess","Welcome! All content is now unlocked.","欢迎！所有内容现已解锁。",""
"ui.welcomeBackTitle","Thank you for subscribing!","感谢您的订阅！",""
"ui.welcomeBackMessage","Close this message and you have full access to the Emotional Wisdom Wheel.","关闭此消息，即可畅享情绪智慧之轮的全部内容。",""
"ui.welcomeBackButton","Start Exploring","开始探索","Button label; keep short"
"ui.aboutLabel","About","关于","Small label; keep very short"
"ui.aboutCardText1","Emotions can be confusing, but they have their own logic... they follow ""rules."" That's what you'll get from the book Emotion Rules, The Science and Practice of Emotional Wisdom.","情绪可能令人困惑，但它们有自己的逻辑……它们遵循规则""。这正是您将从本书 Emotion Rules"," The Science and Practice of Emotional Wisdom 中获得的内容。""","About card paragraph 1; contains HTML link to book. Book title kept in English."
"ui.aboutCardText2","This Emotional Wisdom Wheel is based on the concepts in the book, and Six Seconds' methodology for helping people grow and practice emotional intelligence.","这个情绪智慧之轮基于书中的概念，以及Six Seconds帮助人们成长和实践情商的方法论。","About card paragraph 2; 'Six Seconds' is an org name, keep in English."
"ui.oppositeFeelingLabel","Feeling Across the Wheel","轮盘对面的情绪","Section heading; renamed from 'Opposite Feeling'"
"emotions.joy-1-optimistic.name","Optimistic","乐观","Emotion name; nuanced term -- verify it captures the same shade of meaning as the English."
"emotions.joy-1-optimistic.category","Joy","快乐","Category name; MUST match getCategoryColor()/getCategoryClass() in script.js. All 4 Joy emotions must use identical category string."
"emotions.joy-1-optimistic.description","A feeling of hopefulness and confidence about the future. When you're optimistic, you believe that good things will happen and maintain a positive outlook on life.","对未来充满希望和信心的感觉。当你感到乐观时，你相信好事会发生，并对生活保持积极的态度。",""
"emotions.joy-1-optimistic.question","What possibilities do you see? What could go right in this situation?","你看到了哪些可能性？在这种情况下，什么可能顺利发展？",""
"emotions.joy-1-optimistic.overloadRisk","If you over-use this feeling, you may overlook real risks or pressure others to 'stay positive' when they need something different.","如果过度使用这种情绪，你可能会忽略真实的风险，或者在别人需要其他支持时，强迫他人保持积极""。""",""
"emotions.joy-1-optimistic.overloadTip","To balance, name one real challenge and one concrete step to prepare for it while still honoring your sense of possibility.","为了保持平衡，说出一个真实的挑战和一个具体的准备步骤，同时保持你对可能性的感知。",""
"emotions.joy-1-optimistic.adaptivePurpose","Signals that you see positive possibilities and potential good outcomes.","表明你看到了积极的可能性和潜在的好结果。",""
"emotions.joy-1-optimistic.relatedFeelings[0]","Positive","积极","Appears as a label/chip in the UI; keep concise. These also appear in the SVG wheel."
"emotions.joy-1-optimistic.relatedFeelings[1]","Inspired","受启发","Appears as a label/chip in the UI; keep concise. These also appear in the SVG wheel."
"emotions.joy-1-optimistic.relatedFeelings[2]","Hopeful","充满希望","Appears as a label/chip in the UI; keep concise. These also appear in the SVG wheel."
"emotions.joy-1-optimistic.borderInfo","Optimistic is near Anticipation because it has a component of looking ahead.","乐观靠近期待，因为它包含了展望未来的成分。","References other emotion categories; the category names used here should match the translated Chinese category names for consistency."
"emotions.joy-1-optimistic.story","Maria had been job hunting for three months with no luck. On the way to yet another interview, she caught herself smiling on the subway. ""I'm going to nail this one -- I've done the hard work,"" she thought. Instead of rehearsing what could go wrong, she found herself imagining her first day at the new office. The rational part of her brain warned against getting her hopes up, but something in her gut said this time she was really ready.","Maria找了三个月的工作，一直没有运气。在去又一次面试的路上，她发现自己在地铁上微笑。这次我一定能行——我已经做了充分的准备，""她想。她不再排练可能出错的事情，而是想象自己在新办公室的第一天。她理性的大脑警告她不要抱太大希望，但内心深处有个声音告诉她，这次她真的准备好了。""","Narrative vignette; character names (Maria, etc.) should stay in English/original form. Tone should be natural and literary."
"emotions.joy-2-confident.name","Confident","自信","Emotion name; nuanced term -- verify it captures the same shade of meaning as the English."
"emotions.joy-2-confident.category","Joy","快乐","Category name; MUST match getCategoryColor()/getCategoryClass() in script.js. All 4 Joy emotions must use identical category string."
"emotions.joy-2-confident.description","A sense of self-assurance arising from appreciation of your abilities or qualities. Confidence empowers you to take action and face challenges.","源自对自身能力或品质的肯定而产生的自我确信感。自信赋予你行动的力量，帮助你面对挑战。",""
"emotions.joy-2-confident.question","What strengths can you bring to this situation? What are you capable of doing?","你能为这种情况带来什么优势？你有能力做什么？",""
"emotions.joy-2-confident.overloadRisk","If you over-use this feeling, you may overestimate your capacity or dismiss others' perspectives and needs.","如果过度使用这种情绪，你可能会高估自己的能力，或忽视他人的观点和需求。",""
"emotions.joy-2-confident.overloadTip","To balance, ask yourself where you still need input or support, and invite at least one other voice into the conversation.","为了保持平衡，问问自己在哪些方面仍需要意见或支持，并邀请至少一个其他声音加入对话。",""
"emotions.joy-2-confident.adaptivePurpose","Signals that you have resources, abilities, or experience you can draw on.","表明你拥有可以依靠的资源、能力或经验。",""
"emotions.joy-2-confident.relatedFeelings[0]","Proud","自豪","Appears as a label/chip in the UI; keep concise. These also appear in the SVG wheel."
"emotions.joy-2-confident.relatedFeelings[1]","Self-assured","自我确信","Appears as a label/chip in the UI; keep concise. These also appear in the SVG wheel."
"emotions.joy-2-confident.relatedFeelings[2]","Empowered","有力量","Appears as a label/chip in the UI; keep concise. These also appear in the SVG wheel."
"emotions.joy-2-confident.story","After months of preparation, James stood backstage waiting to give his first TEDx talk. His hands were steady, his breathing calm. He'd practiced this speech fifty times, knew every transition, every pause. When they called his name, he walked to center stage not with arrogance, but with quiet certainty. He had put in the work. He was ready.","经过数月的准备，James站在后台等待他的第一次TEDx演讲。他的手很稳，呼吸平静。这个演讲他练习了五十遍，知道每一个过渡、每一个停顿。当他们叫到他的名字时，他走向舞台中央，带着的不是傲慢，而是安静的确定。他付出了努力，他准备好了。","Narrative vignette; character names (James, etc.) should stay in English/original form. Tone should be natural and literary."
"emotions.joy-2-confident.borderInfo","Confident is pure Joy energy directed inward—a recognition of your own capabilities. It sits between Optimistic (future-focused) and Joyful (present-moment pleasure).","“自信”是纯粹的快乐能量向内指向——对自身能力的认可。它位于“乐观”（面向未来）和“喜悦”（当下的愉悦）之间。","Emotional algebra text; describes position between neighboring emotions"
"emotions.joy-3-joyful.name","Joyful","喜悦","Emotion name; nuanced term -- verify it captures the same shade of meaning as the English."
"emotions.joy-3-joyful.category","Joy","快乐","Category name; MUST match getCategoryColor()/getCategoryClass() in script.js. All 4 Joy emotions must use identical category string."
"emotions.joy-3-joyful.description","A feeling of great pleasure and happiness. Pure joy is an intense, positive emotion that fills you with delight and contentment.","极大的愉悦和幸福感。纯粹的喜悦是一种强烈的积极情绪，让你充满欣喜和满足。",""
"emotions.joy-3-joyful.question","What is going well that you want to continue? What is nourishing or supportive?","什么进展顺利，你希望继续？什么在滋养或支持着你？",""
"emotions.joy-3-joyful.overloadRisk","If you over-use this feeling, you may skip over problems or appear insensitive to others' pain.","如果过度使用这种情绪，你可能会跳过问题或对他人的痛苦显得不够敏感。",""
"emotions.joy-3-joyful.overloadTip","To balance, enjoy what is good and gently scan for anything that also needs care or repair.","为了保持平衡，享受美好的事物，同时轻轻审视是否还有什么需要关注或修复。",""
"emotions.joy-3-joyful.adaptivePurpose","Signals that something important is working and worth savoring and continuing.","表明某些重要的事情正在顺利运行，值得珍惜和延续。",""
"emotions.joy-3-joyful.relatedFeelings[0]","Ecstatic","狂喜","Appears as a label/chip in the UI; keep concise. These also appear in the SVG wheel."
"emotions.joy-3-joyful.relatedFeelings[1]","Delighted","欣喜","Appears as a label/chip in the UI; keep concise. These also appear in the SVG wheel."
"emotions.joy-3-joyful.relatedFeelings[2]","Blissful","极乐","Appears as a label/chip in the UI; keep concise. These also appear in the SVG wheel."
"emotions.joy-3-joyful.story","The letter arrived on a Tuesday. Accepted. Full scholarship. Elena read it three times before it sank in. Then she was laughing, crying, spinning around her tiny apartment. She called her mother, her best friend, her old teacher who'd written her recommendation. Pure, unfiltered happiness—the kind that makes your face hurt from smiling.","那封信在周二到达。录取了。全额奖学金。Elena读了三遍才反应过来。然后她大笑、流泪，在小公寓里转圈。她打电话给妈妈、最好的朋友、写推荐信的老师。纯粹的、毫无保留的快乐——那种让脸笑得发疼的快乐。","Narrative vignette; character names (Elena, etc.) should stay in English/original form. Tone should be natural and literary."
"emotions.joy-3-joyful.borderInfo","Joyful is the heart of Joy—pure, present-moment happiness. It sits between Confident (self-directed joy) and Loving (other-directed joy).","“喜悦”是快乐的核心——纯粹的、当下的幸福。它位于“自信”（指向自我的快乐）和“爱意”（指向他人的快乐）之间。","Emotional algebra text; describes position between neighboring emotions"
"emotions.joy-4-loving.name","Loving","爱意","Emotion name; nuanced term -- ""爱意"" conveys warm affection; could also be ""充满爱"". Verify it captures the active, warm quality of the English."
"emotions.joy-4-loving.category","Joy","快乐","Category name; MUST match getCategoryColor()/getCategoryClass() in script.js. All 4 Joy emotions must use identical category string."
"emotions.joy-4-loving.description","A deep feeling of affection, care, and warmth toward someone or something. Love creates connection and a sense of belonging.","对某人或某事深沉的情感、关怀和温暖。爱创造了连接和归属感。",""
"emotions.joy-4-loving.question","What do you appreciate about this person or situation? How can you show care and support?","你欣赏这个人或这种情况的什么？你如何表达关心和支持？",""
"emotions.joy-4-loving.overloadRisk","If you over-use this feeling, you may lose healthy boundaries or neglect your own needs while caring for others.","如果过度使用这种情绪，你可能会失去健康的边界感，或在关心他人的同时忽视自己的需求。",""
"emotions.joy-4-loving.overloadTip","To balance, name one thing you appreciate and one need of your own, and choose a step that honors both.","为了保持平衡，说出一件你感激的事和一个你自己的需求，然后选择一个同时尊重两者的步骤。",""
"emotions.joy-4-loving.adaptivePurpose","Signals a desire to connect, nurture, and invest in people or causes that matter to you.","表明你渴望与对你重要的人或事业建立连接、给予滋养和投入。",""
"emotions.joy-4-loving.relatedFeelings[0]","Embracing","拥抱","Appears as a label/chip in the UI; keep concise. These also appear in the SVG wheel."
"emotions.joy-4-loving.relatedFeelings[1]","Generous","慷慨","Appears as a label/chip in the UI; keep concise. These also appear in the SVG wheel."
"emotions.joy-4-loving.relatedFeelings[2]","Affectionate","深情","Appears as a label/chip in the UI; keep concise. These also appear in the SVG wheel."
"emotions.joy-4-loving.borderInfo","Loving is near Trust because it involves a foundation of care and reliability.","爱意靠近信任，因为它建立在关怀和可靠的基础之上。","References other emotion categories; the category names used here should match the translated Chinese category names for consistency."
"emotions.joy-4-loving.story","David watched his daughter take her first wobbly steps across the living room. When she fell, she looked up at him with complete trust, waiting for his reaction before deciding whether to cry. He scooped her up, kissed her forehead, and felt his heart expand in a way he couldn't have imagined before becoming a father. This tiny person had utterly transformed him.","David看着女儿在客厅里摇摇晃晃地迈出第一步。当她摔倒时，她抬头看着他，带着完全的信任，等待他的反应来决定是否要哭。他把她抱起来，亲吻她的额头，感到心以一种他在成为父亲之前无法想象的方式扩展开来。这个小小的人彻底改变了他。","Narrative vignette; character names (David, etc.) should stay in English/original form. Tone should be natural and literary."
"emotions.trust-1-grateful.name","Grateful","感恩","Emotion name; nuanced term -- verify it captures the same shade of meaning as the English."
"emotions.trust-1-grateful.category","Trust","信任","Category name; MUST match getCategoryColor()/getCategoryClass() in script.js. All 4 Trust emotions must use identical category string."
"emotions.trust-1-grateful.description","A warm feeling of thankfulness and appreciation. Gratitude helps you recognize and value the good things in your life.","一种温暖的感恩和感激之情。感恩帮助你认识和珍视生活中美好的事物。",""
"emotions.trust-1-grateful.question","What is supporting or nourishing you? Who or what is contributing to what you care about?","什么在支持或滋养着你？谁或什么在为你所关心的事情做贡献？",""
"emotions.trust-1-grateful.overloadRisk","If you over-use this feeling, you may tolerate unhealthy situations or avoid expressing real needs because 'you should be grateful.'","如果过度使用这种情绪，你可能会容忍不健康的状况，或因为觉得应该感恩""而避免表达真实的需求。""",""
"emotions.trust-1-grateful.overloadTip","To balance, let gratitude stand beside honesty: appreciate what is working and identify one need or boundary you still want to express.","为了保持平衡，让感恩与诚实并存：感激正在运作的部分，同时说出一个你仍想表达的需求或边界。",""
"emotions.trust-1-grateful.adaptivePurpose","Signals that you are receiving support, resources, or gifts that matter to you.","表明你正在接收对你重要的支持、资源或馈赠。",""
"emotions.trust-1-grateful.relatedFeelings[0]","Fulfilled","满足","Appears as a label/chip in the UI; keep concise. These also appear in the SVG wheel."
"emotions.trust-1-grateful.relatedFeelings[1]","Admiration","钦佩","Appears as a label/chip in the UI; keep concise. These also appear in the SVG wheel."
"emotions.trust-1-grateful.relatedFeelings[2]","Thankful","感激","Appears as a label/chip in the UI; keep concise. These also appear in the SVG wheel."
"emotions.trust-1-grateful.borderInfo","Grateful is near Joy because it involves appreciation for positive experiences.","感恩靠近快乐，因为它涉及对积极体验的感激。","References other emotion categories; the category names used here should match the translated Chinese category names for consistency."
"emotions.trust-1-grateful.story","After the surgery, lying in the recovery room, Tom found himself overwhelmed—not by pain, but by appreciation. The nurse who'd held his hand before anesthesia. His sister who'd taken time off work to be there. The surgeon whose steady hands had given him more years with his family. He'd never felt so aware of how much he depended on others, or so thankful for it.","手术后，躺在恢复室里，Tom被一种情绪淹没——不是疼痛，而是感激。麻醉前握着他手的护士，请假来陪伴他的姐姐，那双稳定的手让他能多陪伴家人几年的外科医生。他从未如此清楚地意识到自己多么依赖他人，也从未如此感激。","Narrative vignette; character names (Tom, etc.) should stay in English/original form. Tone should be natural and literary."
"emotions.trust-2-peaceful.name","Peaceful","平静","Emotion name; nuanced term -- ""平静"" is good; could also be ""宁静"" or ""安详"". Verify the nuance matches."
"emotions.trust-2-peaceful.category","Trust","信任","Category name; MUST match getCategoryColor()/getCategoryClass() in script.js. All 4 Trust emotions must use identical category string."
"emotions.trust-2-peaceful.description","A state of tranquility and calm, free from worry or disturbance. Peace brings mental and emotional equilibrium.","一种宁静和安详的状态，没有忧虑或干扰。平静带来心理和情感的平衡。",""
"emotions.trust-2-peaceful.question","What is recharging or supporting you? What's going right?","什么在为你充电或给予支持？什么进展顺利？",""
"emotions.trust-2-peaceful.overloadRisk","If you over-use this feeling, you may avoid necessary conflict or disengage from important challenges.","如果过度使用这种情绪，你可能会回避必要的冲突或脱离重要的挑战。",""
"emotions.trust-2-peaceful.overloadTip","To balance, enjoy the calm and ask if there is any issue that still needs a courageous conversation or small action.","为了保持平衡，享受平静的同时问问自己是否还有什么问题需要一次勇敢的对话或小小的行动。",""
"emotions.trust-2-peaceful.adaptivePurpose","Signals that your system is re-centering and you feel safe enough to rest and restore.","表明你的身心系统正在重新调整，你感到足够安全，可以休息和恢复。",""
"emotions.trust-2-peaceful.relatedFeelings[0]","Calm","安宁","Appears as a label/chip in the UI; keep concise. These also appear in the SVG wheel."
"emotions.trust-2-peaceful.relatedFeelings[1]","Content","满意","Appears as a label/chip in the UI; keep concise. These also appear in the SVG wheel."
"emotions.trust-2-peaceful.relatedFeelings[2]","Serene","安详","Appears as a label/chip in the UI; keep concise. These also appear in the SVG wheel."
"emotions.trust-2-peaceful.story","Sunday morning. Rain against the windows. No alarms, no obligations, nowhere to be. Sarah curled up with her coffee and a book she'd been meaning to read for months. The apartment was quiet except for her cat purring on the cushion beside her. For the first time in weeks, her mind wasn't racing through to-do lists. She was simply... here.","周日早晨。窗外下着雨。没有闹钟，没有义务，哪儿都不用去。Sarah蜷缩着喝咖啡，看一本她想读了好几个月的书。公寓里只有身旁垫子上猫咪的呼噜声。几周来第一次，她的脑海不再翻涌着待办清单。她只是……在这里。","Narrative vignette; character names (Sarah, etc.) should stay in English/original form. Tone should be natural and literary."
"emotions.trust-2-peaceful.borderInfo","Peaceful is the calm center of Trust—a state of equilibrium and safety. It sits between Grateful (appreciating what is) and Accepted (belonging with others).","“平静”是信任的宁静中心——一种平衡和安全的状态。它位于“感恩”（感激当下所拥有的）和“被接纳”（与他人的归属感）之间。","Emotional algebra text; describes position between neighboring emotions"
"emotions.trust-3-accepted.name","Accepted","被接纳","Emotion name; nuanced term -- ""被接纳"" captures the passive/received quality well."
"emotions.trust-3-accepted.category","Trust","信任","Category name; MUST match getCategoryColor()/getCategoryClass() in script.js. All 4 Trust emotions must use identical category string."
"emotions.trust-3-accepted.description","A feeling of being welcomed and valued for who you are. Acceptance creates a sense of belonging and security.","一种被欢迎和珍视自我的感觉。被接纳创造了归属感和安全感。",""
"emotions.trust-3-accepted.question","Where do you feel you belong? Who accepts and values you as you are?","你在哪里感到归属？谁接受并珍视真实的你？",""
"emotions.trust-3-accepted.overloadRisk","If you over-use this feeling, you may over-conform, hiding parts of yourself to keep belonging.","如果过度使用这种情绪，你可能会过度迎合他人，隐藏自己的部分以维持归属感。",""
"emotions.trust-3-accepted.overloadTip","To balance, notice where you feel safe enough to be more authentic, and share one more honest piece of yourself.","为了保持平衡，注意你在哪里感到足够安全，可以更加真实地展现自己，然后多分享一份真诚。",""
"emotions.trust-3-accepted.adaptivePurpose","Signals that you feel seen, valued, and included in a group or relationship.","表明你感到被看见、被重视和被包容在一个群体或关系中。",""
"emotions.trust-3-accepted.relatedFeelings[0]","Valued","被重视","Appears as a label/chip in the UI; keep concise. These also appear in the SVG wheel."
"emotions.trust-3-accepted.relatedFeelings[1]","Respected","被尊重","Appears as a label/chip in the UI; keep concise. These also appear in the SVG wheel."
"emotions.trust-3-accepted.relatedFeelings[2]","Welcomed","受欢迎","Appears as a label/chip in the UI; keep concise. These also appear in the SVG wheel."
"emotions.trust-3-accepted.story","Coming out to his parents had been terrifying. Miguel had prepared for arguments, disappointment, maybe even rejection. Instead, his mother had pulled him into a hug and whispered, ""I know, mijo. I've known for a while."" His father had simply said, ""You're still you. Nothing changes that."" Years of fear dissolved in that moment of unconditional acceptance.","向父母出柜是一件令人恐惧的事。Miguel为争论、失望、甚至拒绝做好了准备。但他的母亲把他拉入怀中，低声说：我知道，mijo。我早就知道了。""他的父亲只是说：""你还是你。什么都不会改变。""多年的恐惧在那一刻无条件的接纳中消融了。""","Narrative vignette; character names (Miguel, etc.) and Spanish terms (mijo) should stay in original form. Tone should be natural and literary."
"emotions.trust-3-accepted.borderInfo","Accepted is Trust expressed through belonging—the security of being seen and included. It sits between Peaceful (inner calm) and Hopeful (trusting the future).","“被接纳”是通过归属感表达的信任——被看见和被包容的安全感。它位于“平静”（内心的宁静）和“充满希望”（对未来的信任）之间。","Emotional algebra text; describes position between neighboring emotions"
"emotions.trust-4-hopeful.name","Hopeful","充满希望","Emotion name; nuanced term -- ""充满希望"" is longer than most; could also be ""希望"" for brevity."
"emotions.trust-4-hopeful.category","Trust","信任","Category name; MUST match getCategoryColor()/getCategoryClass() in script.js. All 4 Trust emotions must use identical category string."
"emotions.trust-4-hopeful.description","A feeling of expectation and desire for positive outcomes. Hope motivates you to keep moving forward even in difficult times.","对积极结果怀有期待和渴望的感觉。希望激励你即使在困难时期也继续前行。",""
"emotions.trust-4-hopeful.question","What are you hoping for? What positive outcome do you envision?","你在期盼什么？你设想的积极结果是什么？",""
"emotions.trust-4-hopeful.overloadRisk","If you over-use this feeling, you may wait passively for change or cling to unrealistic expectations.","如果过度使用这种情绪，你可能会被动地等待改变或执着于不切实际的期望。",""
"emotions.trust-4-hopeful.overloadTip","To balance, translate one part of your hope into a specific, doable step you can take now.","为了保持平衡，把希望的一部分转化为一个具体的、可行的步骤，现在就去做。",""
"emotions.trust-4-hopeful.adaptivePurpose","Signals that you can imagine a better future and feel drawn toward it.","表明你能够想象一个更好的未来，并被它所吸引。",""
"emotions.trust-4-hopeful.relatedFeelings[0]","Longing","渴望","Appears as a label/chip in the UI; keep concise. These also appear in the SVG wheel."
"emotions.trust-4-hopeful.relatedFeelings[1]","Expectant","期盼","Appears as a label/chip in the UI; keep concise. These also appear in the SVG wheel."
"emotions.trust-4-hopeful.relatedFeelings[2]","Optimistic","乐观","Appears as a label/chip in the UI; keep concise. These also appear in the SVG wheel."
"emotions.trust-4-hopeful.borderInfo","Hopeful is near Fear because it involves uncertainty about the future.","充满希望靠近恐惧，因为它涉及对未来的不确定性。","References other emotion categories; the category names used here should match the translated Chinese category names for consistency."
"emotions.trust-4-hopeful.story","The cancer was in remission. Dr. Chen had used careful language—""cautiously optimistic,"" ""good indicators""—but walking out of the oncology center, Rachel felt something she hadn't allowed herself to feel in eighteen months: hope. Not certainty, not denial, but genuine hope. The future, which had seemed so closed off, suddenly had doors again.","癌症已经缓解了。陈医生用了谨慎的措辞——谨慎乐观""""指标良好""——但走出肿瘤中心时，Rachel感受到了十八个月来她不敢允许自己感受的东西：希望。不是确定，不是否认，而是真正的希望。那个似乎已经关闭的未来，突然又有了一扇扇门。""","Narrative vignette; character names (Rachel, Dr. Chen) should stay in original form. Note: Dr. Chen is already localized to 陈医生 which is fine. Tone should be natural and literary."
"emotions.fear-1-nervous.name","Nervous","紧张","Emotion name; nuanced term -- verify it captures the same shade of meaning as the English."
"emotions.fear-1-nervous.category","Fear","恐惧","Category name; MUST match getCategoryColor()/getCategoryClass() in script.js. All 4 Fear emotions must use identical category string."
"emotions.fear-1-nervous.description","A state of unease or apprehension about something uncertain. Nervousness is a natural response to situations that feel challenging or unfamiliar.","对不确定事物的不安或忧虑状态。紧张是面对挑战性或不熟悉情境时的自然反应。",""
"emotions.fear-1-nervous.question","What is creating risk? What feels unpredictable or out of control?","什么在制造风险？什么让你感到不可预测或失控？",""
"emotions.fear-1-nervous.overloadRisk","If you over-use this feeling, you may see danger everywhere, overthink, or become paralyzed by what-if scenarios.","如果过度使用这种情绪，你可能处处看到危险、过度思考，或被各种假设情境所麻痹。",""
"emotions.fear-1-nervous.overloadTip","To balance, name one specific risk you are concerned about and one small action you can take to prepare or test your assumptions.","为了保持平衡，说出一个你担心的具体风险和一个你可以采取的小行动来准备或验证你的假设。",""
"emotions.fear-1-nervous.adaptivePurpose","Signals that something feels uncertain or risky and may need caution or preparation.","表明某些事情感觉不确定或有风险，可能需要谨慎或准备。",""
"emotions.fear-1-nervous.relatedFeelings[0]","Threatened","受威胁","Appears as a label/chip in the UI; keep concise. These also appear in the SVG wheel."
"emotions.fear-1-nervous.relatedFeelings[1]","Uneasy","不安","Appears as a label/chip in the UI; keep concise. These also appear in the SVG wheel."
"emotions.fear-1-nervous.relatedFeelings[2]","Jittery","忐忑","Appears as a label/chip in the UI; keep concise. These also appear in the SVG wheel."
"emotions.fear-1-nervous.borderInfo","Nervous is near Trust because it involves vulnerability and the need for safety.","紧张靠近信任，因为它涉及脆弱性和对安全感的需要。","References other emotion categories; the category names used here should match the translated Chinese category names for consistency."
"emotions.fear-1-nervous.story","First day at the new school. Aisha stood outside the classroom door, hearing laughter and conversation inside. What if no one talked to her? What if she couldn't find the cafeteria? What if she said something stupid? Her stomach churned. She took a breath, reminded herself she'd survived new situations before, and pushed open the door.","新学校的第一天。Aisha站在教室门外，听着里面的笑声和交谈。如果没人和她说话怎么办？如果她找不到食堂怎么办？如果她说了傻话怎么办？她的胃在翻搅。她深吸一口气，提醒自己以前也经历过新环境，然后推开了门。","Narrative vignette; character names (Aisha, etc.) should stay in English/original form. Tone should be natural and literary."
"emotions.fear-2-scared.name","Scared","害怕","Emotion name; nuanced term -- verify it captures the same shade of meaning as the English."
"emotions.fear-2-scared.category","Fear","恐惧","Category name; MUST match getCategoryColor()/getCategoryClass() in script.js. All 4 Fear emotions must use identical category string."
"emotions.fear-2-scared.description","An intense feeling of fear or alarm. Being scared is your body's way of alerting you to potential danger.","一种强烈的恐惧或警觉感。害怕是身体提醒你注意潜在危险的方式。",""
"emotions.fear-2-scared.question","What or who do you care about that's at risk? What danger or harm are you sensing?","你关心的什么人或事正处于危险之中？你感知到了什么危险或伤害？",""
"emotions.fear-2-scared.overloadRisk","If you over-use this feeling, you may withdraw from what matters most or avoid important steps because they feel too scary.","如果过度使用这种情绪，你可能会退缩于最重要的事情，或因为感觉太可怕而回避重要的步骤。",""
"emotions.fear-2-scared.overloadTip","To balance, clarify what you most want to protect and choose one action that increases safety while still honoring what you care about.","为了保持平衡，明确你最想保护的是什么，并选择一个在增加安全感的同时仍然尊重你所关心事物的行动。",""
"emotions.fear-2-scared.adaptivePurpose","Signals that something you care about feels threatened and needs protection or attention.","表明你关心的某些东西感到受威胁，需要保护或关注。",""
"emotions.fear-2-scared.relatedFeelings[0]","Frightened","惊恐","Appears as a label/chip in the UI; keep concise. These also appear in the SVG wheel."
"emotions.fear-2-scared.relatedFeelings[1]","Terrified","恐惧","Appears as a label/chip in the UI; keep concise. These also appear in the SVG wheel."
"emotions.fear-2-scared.relatedFeelings[2]","Alarmed","警觉","Appears as a label/chip in the UI; keep concise. These also appear in the SVG wheel."
"emotions.fear-2-scared.story","The smoke alarm went off at 2 AM. Heart pounding, Kevin grabbed his phone and ran to check the kitchen. Nothing. The hallway. Nothing. Then he smelled it—smoke seeping under his apartment door from the hallway. This was real. His hands shook as he called 911, grabbed his wallet, and headed for the fire escape. Everything felt suddenly, terrifyingly immediate.","凌晨两点烟雾报警器响了。心怦怦直跳，Kevin抓起手机跑去检查厨房。没有。走廊。也没有。然后他闻到了——烟雾从公寓门下的走廊渗进来。这是真的。他双手颤抖着拨打了911，拿起钱包，冲向消防梯。一切突然间变得如此紧迫和可怕。","Narrative vignette; character names (Kevin, etc.) should stay in English/original form. Tone should be natural and literary."
"emotions.fear-2-scared.borderInfo","Scared is the active center of Fear—an immediate response to perceived danger. It sits between Nervous (milder concern) and Anxious (broader worry).","“害怕”是恐惧的活跃中心——对感知到的危险的即时反应。它位于“紧张”（较温和的担忧）和“焦虑”（更广泛的忧虑）之间。","Emotional algebra text; describes position between neighboring emotions"
"emotions.fear-3-anxious.name","Anxious","焦虑","Emotion name; nuanced term -- verify it captures the same shade of meaning as the English."
"emotions.fear-3-anxious.category","Fear","恐惧","Category name; MUST match getCategoryColor()/getCategoryClass() in script.js. All 4 Fear emotions must use identical category string."
"emotions.fear-3-anxious.description","A feeling of worry, nervousness, or unease about something with an uncertain outcome. Anxiety can be a signal to prepare or take action.","对结果不确定的事物感到担忧、紧张或不安。焦虑可以是一种准备或采取行动的信号。",""
"emotions.fear-3-anxious.question","What general threats or big uncertainties are present? What do you need to prepare for or protect against?","存在哪些整体威胁或重大不确定性？你需要为什么做准备或防范？",""
"emotions.fear-3-anxious.overloadRisk","If you over-use this feeling, you may ruminate, catastrophize, or create imagined problems that drain your energy.","如果过度使用这种情绪，你可能会反复纠结、把事情灾难化，或制造出消耗精力的想象问题。",""
"emotions.fear-3-anxious.overloadTip","To balance, sort your worries into 'things I can influence' and 'things I cannot,' then choose one small step on something you can influence.","为了保持平衡，把你的担忧分为我能影响的""和""我不能影响的""，然后在你能影响的事情上选择一个小步骤。""",""
"emotions.fear-3-anxious.adaptivePurpose","Signals that you are scanning for long-term threats or uncertainties that may need planning or protection.","表明你正在扫描可能需要规划或防范的长期威胁或不确定性。",""
"emotions.fear-3-anxious.relatedFeelings[0]","Dread","恐惧","Appears as a label/chip in the UI; keep concise. These also appear in the SVG wheel."
"emotions.fear-3-anxious.relatedFeelings[1]","Worry","担忧","Appears as a label/chip in the UI; keep concise. These also appear in the SVG wheel."
"emotions.fear-3-anxious.relatedFeelings[2]","Tense","紧绷","Appears as a label/chip in the UI; keep concise. These also appear in the SVG wheel."
"emotions.fear-3-anxious.story","The presentation wasn't for another week, but Lisa couldn't stop thinking about it. What if the projector failed? What if the CEO asked a question she couldn't answer? What if her voice shook? She lay awake at 3 AM, her mind spinning through worst-case scenarios, each worry branching into three more. She knew this spiral wasn't helpful, but couldn't seem to stop it.","演示还有一周，但Lisa停不下来地想。如果投影仪坏了怎么办？如果CEO问了她回答不了的问题怎么办？如果她的声音发抖怎么办？凌晨三点她躺着睡不着，脑子里转着最坏的情景，每个担忧又分出三个新的。她知道这种螺旋毫无帮助，但似乎无法停止。","Narrative vignette; character names (Lisa, etc.) should stay in English/original form. Tone should be natural and literary."
"emotions.fear-3-anxious.borderInfo","Anxious is Fear spread across time—worry about future threats. It sits between Scared (immediate fear) and Insecure (fear about self).","“焦虑”是跨越时间的恐惧——对未来威胁的忧虑。它位于“害怕”（即时的恐惧）和“不安全感”（对自我的恐惧）之间。","Emotional algebra text; describes position between neighboring emotions"
"emotions.fear-4-insecure.name","Insecure","不安全感","Emotion name; nuanced term -- ""不安全感"" is a noun form; could also be ""缺乏安全感"". Verify the usage feels natural as an emotion name label."
"emotions.fear-4-insecure.category","Fear","恐惧","Category name; MUST match getCategoryColor()/getCategoryClass() in script.js. All 4 Fear emotions must use identical category string."
"emotions.fear-4-insecure.description","A lack of confidence or certainty about yourself or your place in a situation. Insecurity often stems from self-doubt or fear of rejection.","对自己或自己在某种情境中的位置缺乏信心或确定性。不安全感通常源于自我怀疑或对被拒绝的恐惧。",""
"emotions.fear-4-insecure.question","What makes you doubt yourself? What do you fear others might think or see?","是什么让你怀疑自己？你担心别人会怎么想或看到什么？",""
"emotions.fear-4-insecure.overloadRisk","If you over-use this feeling, you may constantly seek validation, people-please, or hold back your contributions.","如果过度使用这种情绪，你可能会不断寻求认可、取悦他人，或隐藏自己的贡献。",""
"emotions.fear-4-insecure.overloadTip","To balance, remember concrete evidence of your strengths and seek grounded feedback from someone you trust, not just imagined criticism.","为了保持平衡，回忆你优势的具体证据，并从你信任的人那里寻求踏实的反馈，而非仅依赖想象中的批评。",""
"emotions.fear-4-insecure.adaptivePurpose","Signals that your sense of worth, competence, or acceptance feels shaky and you may need reassurance, learning, or boundaries.","表明你的价值感、能力感或被接纳感正在动摇，你可能需要安慰、学习或设立边界。",""
"emotions.fear-4-insecure.relatedFeelings[0]","Rejected","被拒绝","Appears as a label/chip in the UI; keep concise. These also appear in the SVG wheel."
"emotions.fear-4-insecure.relatedFeelings[1]","Inadequate","不足","Appears as a label/chip in the UI; keep concise. These also appear in the SVG wheel."
"emotions.fear-4-insecure.relatedFeelings[2]","Uncertain","不确定","Appears as a label/chip in the UI; keep concise. These also appear in the SVG wheel."
"emotions.fear-4-insecure.borderInfo","Insecure is near Surprise because it involves unexpected threats to self-worth.","不安全感靠近惊讶，因为它涉及对自我价值的意外威胁。","References other emotion categories; the category names used here should match the translated Chinese category names for consistency."
"emotions.fear-4-insecure.story","Everyone at the dinner party seemed to know each other from business school. They traded references to professors and inside jokes while Marcus smiled and nodded, feeling increasingly invisible. ""What do you do?"" someone finally asked him, and suddenly his job—which he'd been proud of that morning—seemed inadequate. Who was he to be here among these people?","晚宴上的每个人似乎都是商学院的同学。他们互相提到教授和内部笑话，而Marcus微笑着点头，感觉自己越来越隐形。你做什么工作？""终于有人问他，突然间他的工作——今天早上他还为之自豪的——似乎不够格了。他算什么，配在这些人中间？""","Narrative vignette; character names (Marcus, etc.) should stay in English/original form. Tone should be natural and literary."
"emotions.surprise-1-startled.name","Startled","受惊","Emotion name; nuanced term -- verify it captures the same shade of meaning as the English."
"emotions.surprise-1-startled.category","Surprise","惊讶","Category name; MUST match getCategoryColor()/getCategoryClass() in script.js. All 4 Surprise emotions must use identical category string."
"emotions.surprise-1-startled.description","A sudden feeling of shock or alarm caused by something unexpected. Being startled is an immediate, automatic response to surprise.","由意外事物引起的突然震惊或警觉。受惊是对惊喜的即时、自动反应。",""
"emotions.surprise-1-startled.question","What sudden change or signal needs your attention right now?","什么突然的变化或信号需要你立即关注？",""
"emotions.surprise-1-startled.overloadRisk","If you over-use this feeling, you may remain jumpy or hyper-alert, treating everything as an emergency.","如果过度使用这种情绪，你可能保持紧张或过度警觉，把一切都当作紧急情况。",""
"emotions.surprise-1-startled.overloadTip","To balance, pause to look, breathe, and check what is actually happening now versus what you feared might be happening.","为了保持平衡，停下来看看、呼吸，检查现在实际发生了什么，而非你担心可能发生的事。",""
"emotions.surprise-1-startled.adaptivePurpose","Signals that something unexpected just happened and your attention needs to orient quickly.","表明刚发生了意料之外的事情，你的注意力需要迅速定位。",""
"emotions.surprise-1-startled.relatedFeelings[0]","Appalled","震惊","Appears as a label/chip in the UI; keep concise. These also appear in the SVG wheel."
"emotions.surprise-1-startled.relatedFeelings[1]","Shocked","惊愕","Appears as a label/chip in the UI; keep concise. These also appear in the SVG wheel."
"emotions.surprise-1-startled.relatedFeelings[2]","Stunned","呆住","Appears as a label/chip in the UI; keep concise. These also appear in the SVG wheel."
"emotions.surprise-1-startled.borderInfo","Startled is near Fear because it involves a sudden sense of threat or danger.","受惊靠近恐惧，因为它涉及突然的威胁感或危险感。","References other emotion categories; the category names used here should match the translated Chinese category names for consistency."
"emotions.surprise-1-startled.story","Walking home through the quiet park, headphones in, Priya was lost in a podcast when something burst from the bushes beside her. She jumped back, heart racing, hands up defensively—only to watch a squirrel scamper across the path. She laughed shakily, feeling foolish, but her pulse took several minutes to return to normal.","傍晚走在安静的公园里，戴着耳机，Priya沉浸在播客中，突然有什么东西从旁边的灌木丛里冲了出来。她猛地跳开，心跳加速，双手防御性地举起——却看到一只松鼠蹦过了小路。她颤抖着笑了，觉得自己很傻，但她的脉搏花了好几分钟才恢复正常。","Narrative vignette; character names (Priya, etc.) should stay in English/original form. Tone should be natural and literary."
"emotions.surprise-2-confused.name","Confused","困惑","Emotion name; nuanced term -- verify it captures the same shade of meaning as the English."
"emotions.surprise-2-confused.category","Surprise","惊讶","Category name; MUST match getCategoryColor()/getCategoryClass() in script.js. All 4 Surprise emotions must use identical category string."
"emotions.surprise-2-confused.description","A state of being bewildered or unclear about something. Confusion occurs when information doesn't match your expectations or understanding.","对某事感到迷惑或不清楚的状态。困惑发生在信息与你的期望或理解不匹配时。",""
"emotions.surprise-2-confused.question","What information is missing or unclear? What would help you make sense of this?","缺少或不清楚什么信息？什么能帮助你理解这个情况？",""
"emotions.surprise-2-confused.overloadRisk","If you over-use this feeling, you may get stuck in doubt, delay decisions, or question everything about yourself and others.","如果过度使用这种情绪，你可能陷入怀疑、拖延决定，或对自己和他人的一切产生质疑。",""
"emotions.surprise-2-confused.overloadTip","To balance, turn confusion into a question: define one thing you want to understand and seek an answer, experiment, or conversation.","为了保持平衡，把困惑转化为一个问题：确定一件你想弄明白的事，然后寻找答案、实验或对话。",""
"emotions.surprise-2-confused.adaptivePurpose","Signals that your current understanding does not fit the facts and you may need new information or perspective.","表明你当前的理解不符合事实，你可能需要新的信息或视角。",""
"emotions.surprise-2-confused.relatedFeelings[0]","Disillusioned","幻灭","Appears as a label/chip in the UI; keep concise. These also appear in the SVG wheel."
"emotions.surprise-2-confused.relatedFeelings[1]","Perplexed","迷茫","Appears as a label/chip in the UI; keep concise. These also appear in the SVG wheel."
"emotions.surprise-2-confused.relatedFeelings[2]","Bewildered","不知所措","Appears as a label/chip in the UI; keep concise. These also appear in the SVG wheel."
"emotions.surprise-2-confused.story","The email made no sense. After five years of stellar reviews, Daniel was being ""transitioned to a new role""—effective immediately. His boss wouldn't return calls. HR spoke in careful non-answers. He sat at his desk, reading the same sentences over and over, trying to fit the pieces together. What had happened? What had he missed?","那封邮件毫无道理。在五年出色的考核之后，Daniel被调到新的岗位""——立即生效。他的老板不回电话。人事部门用小心翼翼的非答案回应。他坐在桌前，反复阅读同样的句子，试图把碎片拼在一起。发生了什么？他错过了什么？""","Narrative vignette; character names (Daniel, etc.) should stay in English/original form. Tone should be natural and literary."
"emotions.surprise-2-confused.borderInfo","Confused is Surprise meeting uncertainty—your mental map doesn't fit reality. It sits between Startled (physical surprise) and Amazed (positive surprise).","“困惑”是惊讶遇上不确定性——你的认知地图与现实不符。它位于“受惊”（身体上的惊讶）和“惊叹”（积极的惊讶）之间。","Emotional algebra text; describes position between neighboring emotions"
"emotions.surprise-3-amazed.name","Amazed","惊叹","Emotion name; nuanced term -- ""惊叹"" captures wonder/awe well."
"emotions.surprise-3-amazed.category","Surprise","惊讶","Category name; MUST match getCategoryColor()/getCategoryClass() in script.js. All 4 Surprise emotions must use identical category string."
"emotions.surprise-3-amazed.description","A feeling of great wonder and astonishment. Amazement is a positive form of surprise that fills you with awe.","极大的惊奇和震撼感。惊叹是惊喜的积极形式，让你充满敬畏。",""
"emotions.surprise-3-amazed.question","What exceeded your expectations? What possibility does this open?","什么超出了你的期望？这开启了什么可能性？",""
"emotions.surprise-3-amazed.overloadRisk","If you over-use this feeling, you may idealize people or situations and miss real limits or risks.","如果过度使用这种情绪，你可能会理想化人或情境，忽略实际的限制或风险。",""
"emotions.surprise-3-amazed.overloadTip","To balance, name what delights you and also one practical step or boundary that keeps you grounded while you explore this new possibility.","为了保持平衡，说出让你欣喜的事物，同时确定一个实际的步骤或边界，让你在探索新可能性时保持脚踏实地。",""
"emotions.surprise-3-amazed.adaptivePurpose","Signals that something is far better, bigger, or more beautiful than you expected and your sense of possibility is expanding.","表明某些事情远远好于、大于或更美于你的预期，你的可能性感正在扩展。",""
"emotions.surprise-3-amazed.relatedFeelings[0]","Astonished","惊异","Appears as a label/chip in the UI; keep concise. These also appear in the SVG wheel."
"emotions.surprise-3-amazed.relatedFeelings[1]","Awed","敬畏","Appears as a label/chip in the UI; keep concise. These also appear in the SVG wheel."
"emotions.surprise-3-amazed.relatedFeelings[2]","Impressed","印象深刻","Appears as a label/chip in the UI; keep concise. These also appear in the SVG wheel."
"emotions.surprise-3-amazed.story","Standing at the rim of the Grand Canyon for the first time, words failed her. Photographs hadn't prepared Jennifer for this—the impossible scale, the layers of color, the silence broken only by wind. She'd seen beautiful places before, but this was different. This made her feel small in a way that was somehow comforting, connected to something vast and ancient.","第一次站在大峡谷边缘，Jennifer无言以对。照片没有让她为此做好准备——那不可思议的尺度、层层叠叠的色彩、只有风声打破的寂静。她以前也见过美丽的地方，但这是不同的。这让她感到渺小，但那种渺小却令人安慰，与某种广阔而古老的事物相连。","Narrative vignette; character names (Jennifer, etc.) should stay in English/original form. Tone should be natural and literary."
"emotions.surprise-3-amazed.borderInfo","Amazed is the positive heart of Surprise—wonder at something exceeding expectations. It sits between Confused (neutral surprise) and Disappointed (negative surprise).","“惊叹”是惊讶的积极核心——对超出期望之事的惊叹。它位于“困惑”（中性的惊讶）和“失望”（消极的惊讶）之间。","Emotional algebra text; describes position between neighboring emotions"
"emotions.surprise-4-disappointed.name","Disappointed","失望","Emotion name; nuanced term -- verify it captures the same shade of meaning as the English."
"emotions.surprise-4-disappointed.category","Surprise","惊讶","Category name; MUST match getCategoryColor()/getCategoryClass() in script.js. All 4 Surprise emotions must use identical category string."
"emotions.surprise-4-disappointed.description","A feeling of sadness or displeasure when expectations are not met. Disappointment signals a gap between what you hoped for and reality.","当期望未被满足时产生的悲伤或不满。失望标志着你所期望的与现实之间的差距。",""
"emotions.surprise-4-disappointed.question","What expectation wasn't met? What matters to you about this outcome?","什么期望没有被满足？这个结果中什么对你来说很重要？",""
"emotions.surprise-4-disappointed.overloadRisk","If you over-use this feeling, you may slide into cynicism, giving up on future efforts or relationships.","如果过度使用这种情绪，你可能滑向愤世嫉俗，放弃未来的努力或关系。",""
"emotions.surprise-4-disappointed.overloadTip","To balance, name the expectation clearly, then decide whether to revise the goal, your strategy, or the timeline—and choose one next action.","为了保持平衡，清楚地说出那个期望，然后决定是修改目标、策略还是时间线——并选择一个下一步行动。",""
"emotions.surprise-4-disappointed.adaptivePurpose","Signals that reality did not match your hopes and something you cared about feels diminished or lost.","表明现实没有达到你的期望，你关心的某些东西感觉被削弱或失去了。",""
"emotions.surprise-4-disappointed.relatedFeelings[0]","Betrayed","被背叛","Appears as a label/chip in the UI; keep concise. These also appear in the SVG wheel."
"emotions.surprise-4-disappointed.relatedFeelings[1]","Dismayed","沮丧","Appears as a label/chip in the UI; keep concise. These also appear in the SVG wheel."
"emotions.surprise-4-disappointed.relatedFeelings[2]","Let down","落空","Appears as a label/chip in the UI; keep concise. These also appear in the SVG wheel."
"emotions.surprise-4-disappointed.borderInfo","Disappointed is near Sadness because it involves loss of hope and unmet expectations.","失望靠近悲伤，因为它涉及希望的丧失和未满足的期望。","References other emotion categories; the category names used here should match the translated Chinese category names for consistency."
"emotions.surprise-4-disappointed.story","""We've decided to go in a different direction."" The words hung in the air of the gallery. Chloe had spent eight months on this commission, pouring her vision into every brushstroke. The client had seemed so enthusiastic in their meetings. Now they wanted ""something more conventional."" She smiled professionally, shook hands, and waited until she reached her car to let the tears fall.","我们决定换一个方向。""这句话悬在画廊的空气中。Chloe花了八个月在这个委托上，在每一笔中倾注了她的创作愿景。客户在会议中似乎非常热情。现在他们想要""更传统的东西""。她专业地微笑，握手，然后等到走到车里才让泪水流下。""","Narrative vignette; character names (Chloe, etc.) should stay in English/original form. Tone should be natural and literary."
"emotions.sad-1-hurt.name","Hurt","受伤","Emotion name; nuanced term -- verify it captures the same shade of meaning as the English."
"emotions.sad-1-hurt.category","Sadness","悲伤","Category name; MUST match getCategoryColor()/getCategoryClass() in script.js. All 4 Sadness emotions must use identical category string."
"emotions.sad-1-hurt.description","Emotional pain caused by something or someone. Hurt feelings often arise from perceived rejection, criticism, or loss.","由某事或某人造成的情感痛苦。受伤的感觉通常源于感知到的拒绝、批评或失去。",""
"emotions.sad-1-hurt.question","What value or relationship was impacted? What healing or repair would help?","什么价值或关系受到了影响？什么样的疗愈或修复会有帮助？",""
"emotions.sad-1-hurt.overloadRisk","If you over-use this feeling, you may hold onto grudges, assume bad intentions, or close yourself off from repair.","如果过度使用这种情绪，你可能会心怀怨恨、假设他人有恶意，或封闭自己不愿修复关系。",""
"emotions.sad-1-hurt.overloadTip","To balance, acknowledge the pain and why it matters, then consider whether and how you want to communicate it or seek healing support.","为了保持平衡，承认痛苦及其重要性，然后考虑你是否以及如何想要表达它或寻求疗愈支持。",""
"emotions.sad-1-hurt.adaptivePurpose","Signals that something or someone important has wounded your sense of safety, worth, or connection.","表明某些重要的人或事伤害了你的安全感、价值感或连接感。",""
"emotions.sad-1-hurt.relatedFeelings[0]","Dismayed","痛心","Appears as a label/chip in the UI; keep concise. These also appear in the SVG wheel."
"emotions.sad-1-hurt.relatedFeelings[1]","Threatened","受威胁","Appears as a label/chip in the UI; keep concise. These also appear in the SVG wheel."
"emotions.sad-1-hurt.relatedFeelings[2]","Wounded","受创","Appears as a label/chip in the UI; keep concise. These also appear in the SVG wheel."
"emotions.sad-1-hurt.borderInfo","Hurt is near Surprise because it often comes from unexpected emotional wounds.","受伤靠近惊讶，因为它往往来自意料之外的情感创伤。","References other emotion categories; the category names used here should match the translated Chinese category names for consistency."
"emotions.sad-1-hurt.story","""I just don't think you're leadership material."" The words from his mentor—someone he'd trusted for years—landed like a punch. Robert had shared his dreams of running his own department someday, made himself vulnerable. Now that vulnerability felt like a mistake. The criticism might have been constructive, but wrapped in that dismissive phrase, it just felt like betrayal.","我只是觉得你不是当领导的料。""来自他导师的话——一个他信任多年的人——像一记重拳。Robert曾分享过他有朝一日管理自己部门的梦想，让自己变得脆弱。现在那种脆弱感觉像是一个错误。批评也许是建设性的，但被包裹在那个轻蔑的短语中，它只让人感到背叛。""","Narrative vignette; character names (Robert, etc.) should stay in English/original form. Tone should be natural and literary."
"emotions.sad-2-depressed.name","Depressed","抑郁","Emotion name; nuanced term -- ""抑郁"" is the standard clinical/emotional term. Verify it feels appropriate for a general audience emotional literacy context."
"emotions.sad-2-depressed.category","Sadness","悲伤","Category name; MUST match getCategoryColor()/getCategoryClass() in script.js. All 4 Sadness emotions must use identical category string."
"emotions.sad-2-depressed.description","A state of deep sadness and low energy. Depression can make everything feel heavy and difficult to manage.","一种深沉的悲伤和低能量状态。抑郁可以让一切都感觉沉重且难以应对。",""
"emotions.sad-2-depressed.question","What feels depleted or hopeless? What small source of care, support, or meaning can you reconnect with?","什么感觉被耗尽或无望？你可以重新连接什么微小的关怀、支持或意义来源？",""
"emotions.sad-2-depressed.overloadRisk","If you over-use this feeling, you may stop seeing any possibility, withdraw completely, or neglect basic self-care.","如果过度使用这种情绪，你可能看不到任何可能性、完全退缩，或忽视基本的自我照顾。",""
"emotions.sad-2-depressed.overloadTip","To balance, choose one tiny, compassionate action—such as reaching out, moving your body, or doing one simple task—that adds a bit of structure or support.","为了保持平衡，选择一个微小的、有爱的行动——比如联系一个人、活动身体、或完成一件简单的事——为生活增添一点结构或支持。",""
"emotions.sad-2-depressed.adaptivePurpose","Signals that your energy, motivation, or sense of meaning has dropped and you may need rest, support, or reorientation.","表明你的能量、动力或意义感已经下降，你可能需要休息、支持或重新定向。",""
"emotions.sad-2-depressed.relatedFeelings[0]","Bereft","空虚","Appears as a label/chip in the UI; keep concise. These also appear in the SVG wheel."
"emotions.sad-2-depressed.relatedFeelings[1]","Numb","麻木","Appears as a label/chip in the UI; keep concise. These also appear in the SVG wheel."
"emotions.sad-2-depressed.relatedFeelings[2]","Empty","虚无","Appears as a label/chip in the UI; keep concise. These also appear in the SVG wheel."
"emotions.sad-2-depressed.story","Getting out of bed had become the hardest part. Emma would lie there, knowing she had things to do, people counting on her, and feel nothing—just a heavy emptiness that made even showering feel like climbing a mountain. Colors seemed muted. Food had no taste. She went through the motions of her life while feeling like she was watching it from far away.","起床变成了最难的部分。Emma躺在那里，知道她有事情要做，有人在指望她，却什么都感觉不到——只是一种沉重的空虚，让连洗澡都像爬山一样。颜色变得暗淡，食物没有味道。她机械地过着生活，却感觉自己在远处旁观。","Narrative vignette; character names (Emma, etc.) should stay in English/original form. Tone should be natural and literary."
"emotions.sad-2-depressed.borderInfo","Depressed is deep Sadness—energy and hope depleted. It sits between Hurt (acute pain) and Lonely (disconnection from others).","“抑郁”是深层的悲伤——精力和希望已经耗尽。它位于“受伤”（尖锐的痛苦）和“孤独”（与他人的断连）之间。","Emotional algebra text; describes position between neighboring emotions"
"emotions.sad-3-lonely.name","Lonely","孤独","Emotion name; nuanced term -- verify it captures the same shade of meaning as the English."
"emotions.sad-3-lonely.category","Sadness","悲伤","Category name; MUST match getCategoryColor()/getCategoryClass() in script.js. All 4 Sadness emotions must use identical category string."
"emotions.sad-3-lonely.description","A painful feeling of isolation or disconnection from others. Loneliness highlights our need for meaningful connection.","一种痛苦的孤立或与他人断连的感觉。孤独凸显了我们对有意义连接的需要。",""
"emotions.sad-3-lonely.question","What connection do you need right now? Who could help you feel more seen or supported?","你现在需要什么样的连接？谁能帮助你感到更被看见或被支持？",""
"emotions.sad-3-lonely.overloadRisk","If you over-use this feeling, you may believe you are fundamentally alone or unlovable and pull back even more.","如果过度使用这种情绪，你可能会认为自己根本上是孤独的或不可爱的，从而更加退缩。",""
"emotions.sad-3-lonely.overloadTip","To balance, identify one small, safe way to reach toward connection—a message, a call, a shared space, or naming your need to someone you trust.","为了保持平衡，找到一种小而安全的方式去触及连接——一条消息、一通电话、一个共享的空间，或向你信任的人说出你的需求。",""
"emotions.sad-3-lonely.adaptivePurpose","Signals that your need for connection, belonging, or being seen is not being met.","表明你对连接、归属或被看见的需求没有得到满足。",""
"emotions.sad-3-lonely.relatedFeelings[0]","Abandoned","被遗弃","Appears as a label/chip in the UI; keep concise. These also appear in the SVG wheel."
"emotions.sad-3-lonely.relatedFeelings[1]","Isolated","孤立","Appears as a label/chip in the UI; keep concise. These also appear in the SVG wheel."
"emotions.sad-3-lonely.relatedFeelings[2]","Disconnected","断连","Appears as a label/chip in the UI; keep concise. These also appear in the SVG wheel."
"emotions.sad-3-lonely.story","The apartment was full of boxes from the move. New city, new job, fresh start—everything she'd wanted. But sitting on her bare mattress that first night, phone full of contacts yet no one to call, Yuki felt the weight of her aloneness. She could hear her neighbors through the walls, living their lives, and the sounds only made the silence in her own space louder.","公寓里满是搬家的箱子。新城市、新工作、全新的开始——她想要的一切。但第一个晚上坐在光秃秃的床垫上，手机里满是联系人却没人可以打电话，Yuki感受到了独自一人的重量。她能通过墙壁听到邻居们在过他们的生活，这些声音只让她自己空间里的沉默更加响亮。","Narrative vignette; character names (Yuki, etc.) should stay in English/original form. Tone should be natural and literary."
"emotions.sad-3-lonely.borderInfo","Lonely is Sadness about connection—the pain of feeling unseen or apart. It sits between Depressed (inner emptiness) and Ashamed (self-judgment).","“孤独”是关于连接的悲伤——感到不被看见或被隔离的痛苦。它位于“抑郁”（内心的空虚）和“羞耻”（自我评判）之间。","Emotional algebra text; describes position between neighboring emotions"
"emotions.sad-4-ashamed.name","Ashamed","羞耻","Emotion name; nuanced term -- ""羞耻"" is direct; could also be ""惭愧"" which is slightly softer. Verify the intensity matches the English."
"emotions.sad-4-ashamed.category","Sadness","悲伤","Category name; MUST match getCategoryColor()/getCategoryClass() in script.js. All 4 Sadness emotions must use identical category string."
"emotions.sad-4-ashamed.description","A painful feeling of humiliation or distress caused by believing you've done something wrong or embarrassing. Shame affects how you see yourself.","因为相信自己做了错事或丢脸的事而产生的痛苦的羞辱或苦恼感。羞耻影响你看待自己的方式。",""
"emotions.sad-4-ashamed.question","What standard are you holding yourself to? What self-compassion or repair would support growth?","你用什么标准要求自己？什么样的自我关怀或修复可以支持成长？",""
"emotions.sad-4-ashamed.overloadRisk","If you over-use this feeling, you may turn a specific mistake into a belief that you are bad or unworthy and hide your true self.","如果过度使用这种情绪，你可能会把一个具体的错误变成认为自己是坏人或不值得的信念，并隐藏真实的自我。",""
"emotions.sad-4-ashamed.overloadTip","To balance, separate 'I did something' from 'I am something,' and choose one step of learning, repair, or apology that aligns with your values.","为了保持平衡，把我做了某事""和""我是某种人""区分开，并选择一个与你价值观一致的学习、修复或道歉的步骤。""",""
"emotions.sad-4-ashamed.adaptivePurpose","Signals that your behavior or choices may not match your values and invites reflection, repair, and growth.","表明你的行为或选择可能不符合你的价值观，邀请你反思、修复和成长。",""
"emotions.sad-4-ashamed.relatedFeelings[0]","Remorseful","悔恨","Appears as a label/chip in the UI; keep concise. These also appear in the SVG wheel."
"emotions.sad-4-ashamed.relatedFeelings[1]","Guilty","内疚","Appears as a label/chip in the UI; keep concise. These also appear in the SVG wheel."
"emotions.sad-4-ashamed.relatedFeelings[2]","Embarrassed","尴尬","Appears as a label/chip in the UI; keep concise. These also appear in the SVG wheel."
"emotions.sad-4-ashamed.borderInfo","Ashamed is near Disgust because it involves negative judgment of oneself.","羞耻靠近厌恶，因为它涉及对自身的负面评判。","References other emotion categories; the category names used here should match the translated Chinese category names for consistency."
"emotions.sad-4-ashamed.story","It was just a shortcut, he'd told himself. A few copied paragraphs in a paper no one would read closely anyway. But when the professor called him into her office, evidence spread across her desk, Michael couldn't meet her eyes. The disappointment in her voice was worse than anger would have been. He'd betrayed not just academic rules, but his own sense of who he was.","这只是一个捷径，他对自己说。在一篇不会被仔细阅读的论文中复制了几段话。但当教授叫他进办公室，证据摊在桌上时，Michael无法与她的目光对视。她语气中的失望比愤怒更糟糕。他不仅背叛了学术规则，还背叛了自己对自我身份的认知。","Narrative vignette; character names (Michael, etc.) should stay in English/original form. Tone should be natural and literary."
"emotions.disgust-1-dislike.name","Dislike","厌恶","Emotion name; note that ""厌恶"" is also used as the category name for Disgust. ""不喜欢"" or ""反感"" could differentiate the emotion name from the category."
"emotions.disgust-1-dislike.category","Disgust","厌恶","Category name; MUST match getCategoryColor()/getCategoryClass() in script.js. All 4 Disgust emotions must use identical category string."
"emotions.disgust-1-dislike.description","A feeling of aversion or disapproval toward something or someone. Dislike helps you identify what doesn't align with your values.","对某物或某人的反感或不赞同。厌恶帮助你识别什么不符合你的价值观。",""
"emotions.disgust-1-dislike.question","What feels misaligned with your values or preferences? What boundary or choice does this reveal?","什么感觉与你的价值观或偏好不一致？这揭示了什么边界或选择？",""
"emotions.disgust-1-dislike.overloadRisk","If you over-use this feeling, you may slide into harsh judgment, bias, or rejection of people or ideas too quickly.","如果过度使用这种情绪，你可能会滑向苛刻的评判、偏见，或过快地拒绝人或想法。",""
"emotions.disgust-1-dislike.overloadTip","To balance, name specifically what you dislike—behavior, style, or impact—without condemning the whole person or situation, and decide what boundary is actually needed.","为了保持平衡，具体说出你不喜欢的是什么——行为、风格还是影响——不要否定整个人或情境，并决定真正需要什么边界。",""
"emotions.disgust-1-dislike.adaptivePurpose","Signals that something does not fit your tastes, needs, or values and you may want distance or a different choice.","表明某些事物不符合你的品味、需求或价值观，你可能想保持距离或做出不同选择。",""
"emotions.disgust-1-dislike.relatedFeelings[0]","Revolted","反感","Appears as a label/chip in the UI; keep concise. These also appear in the SVG wheel."
"emotions.disgust-1-dislike.relatedFeelings[1]","Withdrawn","退缩","Appears as a label/chip in the UI; keep concise. These also appear in the SVG wheel."
"emotions.disgust-1-dislike.relatedFeelings[2]","Repulsed","排斥","Appears as a label/chip in the UI; keep concise. These also appear in the SVG wheel."
"emotions.disgust-1-dislike.borderInfo","Dislike is near Sadness because it involves emotional withdrawal and rejection.","厌恶靠近悲伤，因为它涉及情感上的退缩和拒绝。","References other emotion categories; the category names used here should match the translated Chinese category names for consistency."
"emotions.disgust-1-dislike.story","Every comment in the meeting, every ""well, actually,"" every interruption—Grace felt her jaw tighten a little more. She couldn't point to anything overtly offensive about her new colleague, but something about his manner set her teeth on edge. By the meeting's end, she knew she'd need to find ways to limit their interactions if she wanted to stay professional.","会议中的每一条评论、每一个其实嘛""、每一次打断——Grace感到下巴越来越紧。她无法指出新同事有什么明显冒犯之处，但他的某些举止让她牙齿发酸。会议结束时，她知道如果她想保持专业，就需要找到限制彼此互动的方法。""","Narrative vignette; character names (Grace, etc.) should stay in English/original form. Tone should be natural and literary."
"emotions.disgust-2-avoidance.name","Avoidance","回避","Emotion name; nuanced term -- verify it captures the same shade of meaning as the English."
"emotions.disgust-2-avoidance.category","Disgust","厌恶","Category name; MUST match getCategoryColor()/getCategoryClass() in script.js. All 4 Disgust emotions must use identical category string."
"emotions.disgust-2-avoidance.description","A tendency to stay away from something unpleasant or uncomfortable. Avoidance is a protective response to things that feel threatening.","远离不愉快或不舒服事物的倾向。回避是对感到威胁性事物的保护性反应。",""
"emotions.disgust-2-avoidance.question","What feels unsafe, overwhelming, or draining? How can you approach it with more support or clarity?","什么让你感到不安全、不堪重负或精力耗尽？你怎样才能带着更多支持或清晰度去面对它？",""
"emotions.disgust-2-avoidance.overloadRisk","If you over-use this feeling, you may delay important actions, stay stuck, or let problems quietly grow.","如果过度使用这种情绪，你可能会拖延重要的行动、停滞不前，或让问题悄悄恶化。",""
"emotions.disgust-2-avoidance.overloadTip","To balance, break the avoided task or situation into one very small step and consider what support, information, or boundary would make it more manageable.","为了保持平衡，把你回避的任务或情境分解成一个非常小的步骤，并考虑什么支持、信息或边界能使它更易应对。",""
"emotions.disgust-2-avoidance.adaptivePurpose","Signals that something seems too threatening, overwhelming, or unpleasant to face with your current resources.","表明以你目前的资源来看，某些事情似乎太具威胁性、太不堪重负或太不愉快而无法面对。",""
"emotions.disgust-2-avoidance.relatedFeelings[0]","Hesitant","犹豫","Appears as a label/chip in the UI; keep concise. These also appear in the SVG wheel."
"emotions.disgust-2-avoidance.relatedFeelings[1]","Averse","抗拒","Appears as a label/chip in the UI; keep concise. These also appear in the SVG wheel."
"emotions.disgust-2-avoidance.relatedFeelings[2]","Reluctant","不情愿","Appears as a label/chip in the UI; keep concise. These also appear in the SVG wheel."
"emotions.disgust-2-avoidance.story","The pile of mail on the counter had grown into a small mountain. Bills, probably. Maybe something from the IRS. Omar walked past it every day, made coffee inches away from it, and somehow never quite managed to open any of it. He knew this was making things worse. He also knew he wasn't going to deal with it today. Probably not tomorrow either.","柜台上的邮件堆已经长成了一座小山。账单，可能吧。也许还有来自税务局的东西。Omar每天经过它，在离它几厘米的地方泡咖啡，却不知怎的就是没法拆开其中任何一封。他知道这让事情变得更糟。他也知道今天他不会去处理它。明天也可能不会。","Narrative vignette; character names (Omar, etc.) should stay in English/original form. Tone should be natural and literary."
"emotions.disgust-2-avoidance.borderInfo","Avoidance is Disgust in action—the impulse to create distance. It sits between Dislike (the judgment) and Awful (intense disgust).","“回避”是厌恶的行为表现——创造距离的冲动。它位于“厌恶”（评判）和“糟糕透顶”（强烈的厌恶）之间。","Emotional algebra text; describes position between neighboring emotions"
"emotions.disgust-3-aweful.name","Awful","糟糕透顶","Emotion name; nuanced term -- ""糟糕透顶"" is quite long for a label; ""糟透了"" or ""可怕"" might be shorter alternatives."
"emotions.disgust-3-aweful.category","Disgust","厌恶","Category name; MUST match getCategoryColor()/getCategoryClass() in script.js. All 4 Disgust emotions must use identical category string."
"emotions.disgust-3-aweful.description","A strong negative feeling about something very unpleasant or disagreeable. Feeling awful signals that something is deeply wrong or distressing.","对非常不愉快或令人不快事物的强烈负面感受。感觉糟糕透顶表明有什么事情严重出了错或令人痛苦。",""
"emotions.disgust-3-aweful.question","What feels harmful or unacceptable? What standard or value is signaling a need for change?","什么让你感到有害或不可接受？什么标准或价值观在发出需要改变的信号？",""
"emotions.disgust-3-aweful.overloadRisk","If you over-use this feeling, you may catastrophize, feel hopeless about change, or respond with only outrage instead of strategy.","如果过度使用这种情绪，你可能会灾难化、对改变感到绝望，或只以愤怒而非策略来回应。",""
"emotions.disgust-3-aweful.overloadTip","To balance, clarify what exactly is harmful, then choose one realistic action—personal, relational, or systemic—that moves even slightly toward repair.","为了保持平衡，弄清楚到底什么是有害的，然后选择一个现实的行动——个人的、关系的或系统性的——即使只是微小地朝修复方向前进。",""
"emotions.disgust-3-aweful.adaptivePurpose","Signals that something feels deeply wrong, harmful, or out of integrity with your core values.","表明某些事物让你感到深深的不对、有害或与你的核心价值观相悖。",""
"emotions.disgust-3-aweful.relatedFeelings[0]","Repelled","排斥","Appears as a label/chip in the UI; keep concise. These also appear in the SVG wheel."
"emotions.disgust-3-aweful.relatedFeelings[1]","Detested","憎恶","Appears as a label/chip in the UI; keep concise. These also appear in the SVG wheel."
"emotions.disgust-3-aweful.relatedFeelings[2]","Horrible","可怕","Appears as a label/chip in the UI; keep concise. These also appear in the SVG wheel."
"emotions.disgust-3-aweful.story","The documentary showed footage from the factory farms—animals in conditions she couldn't unsee. Natalie had known, intellectually, where her food came from. But knowing and seeing were different things. She closed her laptop, stomach churning, feeling implicated in something she'd never really let herself think about before.","那部纪录片展示了工厂化农场的画面——她再也无法忘记那些动物在那种条件下的场景。从理智上说，Natalie知道她的食物来自哪里。但知道和亲眼看到是不同的。她合上笔记本电脑，胃在翻搅，感到自己牵连在一件她从未真正让自己深思的事情中。","Narrative vignette; character names (Natalie, etc.) should stay in English/original form. Tone should be natural and literary."
"emotions.disgust-3-aweful.borderInfo","Awful is the intense center of Disgust—a visceral rejection of something harmful. It sits between Avoidance (behavioral response) and Disapproval (moral judgment).","“糟糕透顶”是厌恶的强烈中心——对有害事物的本能排斥。它位于“回避”（行为反应）和“不赞同”（道德评判）之间。","Emotional algebra text; describes position between neighboring emotions"
"emotions.disgust-4-disapproval.name","Disapproval","不赞同","Emotion name; nuanced term -- verify it captures the same shade of meaning as the English."
"emotions.disgust-4-disapproval.category","Disgust","厌恶","Category name; MUST match getCategoryColor()/getCategoryClass() in script.js. All 4 Disgust emotions must use identical category string."
"emotions.disgust-4-disapproval.description","A negative judgment or opinion about someone or something. Disapproval reflects a conflict between your values and what you observe.","对某人或某事的负面评判或意见。不赞同反映了你的价值观与你所观察到的之间的冲突。",""
"emotions.disgust-4-disapproval.question","What expectation wasn't met? What value is prompting this reaction, and what change do you hope for?","什么期望没有被满足？什么价值观在驱动这个反应，你希望看到什么改变？",""
"emotions.disgust-4-disapproval.overloadRisk","If you over-use this feeling, you may become rigid, overly critical, or alienating to others.","如果过度使用这种情绪，你可能变得僵化、过度批评或疏远他人。",""
"emotions.disgust-4-disapproval.overloadTip","To balance, connect to the value underneath your disapproval and express it in a way that invites dialogue and improvement, not shame.","为了保持平衡，与你不赞同背后的价值观相连，并以一种邀请对话和改进而非羞辱的方式表达它。",""
"emotions.disgust-4-disapproval.adaptivePurpose","Signals that a behavior or outcome does not meet your standards or values and that you care about doing better.","表明某种行为或结果不符合你的标准或价值观，你关心做得更好。",""
"emotions.disgust-4-disapproval.relatedFeelings[0]","Loathing","嫌恶","Appears as a label/chip in the UI; keep concise. These also appear in the SVG wheel."
"emotions.disgust-4-disapproval.relatedFeelings[1]","Judgmental","评判","Appears as a label/chip in the UI; keep concise. These also appear in the SVG wheel."
"emotions.disgust-4-disapproval.relatedFeelings[2]","Critical","批判","Appears as a label/chip in the UI; keep concise. These also appear in the SVG wheel."
"emotions.disgust-4-disapproval.borderInfo","Disapproval is near Anger because it involves critical evaluation and potential confrontation.","不赞同靠近愤怒，因为它涉及批判性评价和潜在的对抗。","References other emotion categories; the category names used here should match the translated Chinese category names for consistency."
"emotions.disgust-4-disapproval.story","Watching his son scroll through his phone during their grandmother's birthday speech, Richard felt his expression harden. The old woman was sharing memories of her late husband, her voice cracking with emotion, and Tyler couldn't be bothered to look up for five minutes. Richard caught his son's eye and gave a slow shake of his head. Some things shouldn't need to be explained.","看着儿子在奶奶生日致辞时刷手机，Richard的表情变得严肃。老太太正在分享关于已故丈夫的回忆，声音因情感而颤抖，而Tyler连抬头看五分钟都做不到。Richard与儿子对视，缓缓摇了摇头。有些事情不应该需要解释。","Narrative vignette; character names (Richard, Tyler, etc.) should stay in English/original form. Tone should be natural and literary."
"emotions.anger-1-aggressive.name","Aggressive","攻击性","Emotion name; nuanced term -- ""攻击性"" is a noun form; could also be ""好斗"" or ""攻击的"". Verify the usage feels natural as an emotion name label."
"emotions.anger-1-aggressive.category","Anger","愤怒","Category name; MUST match getCategoryColor()/getCategoryClass() in script.js. All 4 Anger emotions must use identical category string."
"emotions.anger-1-aggressive.description","A forceful and confrontational expression of anger. Aggression is often a response to feeling threatened or frustrated.","愤怒的一种激烈而对抗性的表达。攻击性通常是对感到受威胁或受挫的反应。",""
"emotions.anger-1-aggressive.question","What boundary needs to be protected? What matters enough that you feel compelled to act?","什么边界需要被保护？什么事情重要到让你感到必须采取行动？",""
"emotions.anger-1-aggressive.overloadRisk","If you over-use this feeling, you may lash out in ways that harm others, escalate conflict, or undermine your own goals.","如果过度使用这种情绪，你可能以伤害他人的方式猛烈回击、升级冲突或破坏自己的目标。",""
"emotions.anger-1-aggressive.overloadTip","To balance, pause before acting, use the energy to choose clear and firm words or actions, and focus on the outcome you truly want.","为了保持平衡，在行动前暂停，用这股能量选择清晰而坚定的语言或行动，并专注于你真正想要的结果。",""
"emotions.anger-1-aggressive.adaptivePurpose","Signals that you perceive a serious threat, injustice, or violation and feel a strong drive to defend or protect.","表明你感知到严重的威胁、不公正或侵犯，并有强烈的防御或保护冲动。",""
"emotions.anger-1-aggressive.relatedFeelings[0]","Hostile","敌意","Appears as a label/chip in the UI; keep concise. These also appear in the SVG wheel."
"emotions.anger-1-aggressive.relatedFeelings[1]","Provoked","被激怒","Appears as a label/chip in the UI; keep concise. These also appear in the SVG wheel."
"emotions.anger-1-aggressive.relatedFeelings[2]","Combative","好斗","Appears as a label/chip in the UI; keep concise. These also appear in the SVG wheel."
"emotions.anger-1-aggressive.borderInfo","Aggressive is near Disgust because it involves rejecting or pushing away what's unacceptable.","攻击性靠近厌恶，因为它涉及拒绝或推开不可接受的事物。","References other emotion categories; the category names used here should match the translated Chinese category names for consistency."
"emotions.anger-1-aggressive.story","""Say that again."" Victor's voice was low, dangerous. The man at the bar had made a comment about his wife—loud enough to be heard, quiet enough to deny. Victor felt his hands curl into fists, felt the familiar heat rising in his chest. Every instinct screamed at him to make this guy regret opening his mouth. His wife's hand on his arm was the only thing holding him back.","再说一遍。""Victor的声音低沉而危险。酒吧里的那个男人对他妻子说了一句话——声音大到能被听见，又小到可以否认。Victor感到双手握成了拳头，感到胸口那熟悉的热浪升起。每一个本能都在叫嚣着要让这家伙后悔开口。他妻子放在他手臂上的手是唯一在拉住他的东西。""","Narrative vignette; character names (Victor, etc.) should stay in English/original form. Tone should be natural and literary."
"emotions.anger-2-mad.name","Mad","愤怒","Emotion name; note that ""愤怒"" is also used as the category name for Anger. Consider ""气愤"" or ""暴怒"" to differentiate the emotion name from the category."
"emotions.anger-2-mad.category","Anger","愤怒","Category name; MUST match getCategoryColor()/getCategoryClass() in script.js. All 4 Anger emotions must use identical category string."
"emotions.anger-2-mad.description","An intense feeling of displeasure or rage. Being mad signals that something has violated your boundaries or expectations.","一种强烈的不满或狂怒感。愤怒表明某些事情侵犯了你的边界或期望。",""
"emotions.anger-2-mad.question","What value or expectation was violated? What do you need to express or repair?","什么价值观或期望被侵犯了？你需要表达或修复什么？",""
"emotions.anger-2-mad.overloadRisk","If you over-use this feeling, you may hold grudges, replay the story, or attack rather than seek resolution.","如果过度使用这种情绪，你可能心怀怨恨、反复回放事件经过，或攻击而非寻求解决。",""
"emotions.anger-2-mad.overloadTip","To balance, name specifically what was not okay and decide whether you want to set a boundary, ask for change, or consciously let it go.","为了保持平衡，具体说出什么是不对的，然后决定你是想设立边界、要求改变，还是有意识地放下。",""
"emotions.anger-2-mad.adaptivePurpose","Signals that something feels unfair or not okay and that you want change or acknowledgment.","表明某些事情感觉不公平或不对，你想要改变或得到认可。",""
"emotions.anger-2-mad.relatedFeelings[0]","Enraged","暴怒","Appears as a label/chip in the UI; keep concise. These also appear in the SVG wheel."
"emotions.anger-2-mad.relatedFeelings[1]","Furious","狂怒","Appears as a label/chip in the UI; keep concise. These also appear in the SVG wheel."
"emotions.anger-2-mad.relatedFeelings[2]","Livid","怒不可遏","Appears as a label/chip in the UI; keep concise. These also appear in the SVG wheel."
"emotions.anger-2-mad.story","Three hours. Three hours she'd been waiting for the cable company, watching the window between ""12 and 4"" slowly tick away. When her phone finally rang at 4:30—""We need to reschedule""—Diane felt something snap. The carefully worded complaint she'd prepared vanished, replaced by a flood of every frustration she'd swallowed for months. The customer service rep didn't deserve it, but he got it anyway.","三个小时。她等了三个小时等那个线缆公司，看着12点到4点""的窗口慢慢过去。当她的手机终于在4点半响了——""我们需要重新安排""——Diane感到什么东西断裂了。她精心准备的投诉措辞消失了，取而代之的是她几个月来忍下的所有挫败感的洪流。客服代表不该承受这些，但他承受了。""","Narrative vignette; character names (Diane, etc.) should stay in English/original form. Tone should be natural and literary."
"emotions.anger-2-mad.borderInfo","Mad is the hot center of Anger—intense displeasure at a violation. It sits between Aggressive (action-ready) and Frustrated (blocked goals).","“愤怒”是愤怒的灼热中心——对被侵犯的强烈不满。它位于“攻击性”（准备行动的）和“沮丧”（目标受阻的）之间。","Emotional algebra text; describes position between neighboring emotions"
"emotions.anger-3-frustrated.name","Frustrated","沮丧","Emotion name; nuanced term -- ""沮丧"" can also mean dejected/discouraged. ""挫败"" might better capture the blocked-goal frustration sense."
"emotions.anger-3-frustrated.category","Anger","愤怒","Category name; MUST match getCategoryColor()/getCategoryClass() in script.js. All 4 Anger emotions must use identical category string."
"emotions.anger-3-frustrated.description","A feeling of upset or annoyance when unable to achieve something. Frustration arises from blocked goals or unmet needs.","无法达成某事时的烦恼或不快感。沮丧源于目标受阻或需求未满足。",""
"emotions.anger-3-frustrated.question","What's getting in the way of your goal? What shift—internal or external—would help you move forward?","什么阻碍了你的目标？什么内在或外在的转变能帮助你继续前进？",""
"emotions.anger-3-frustrated.overloadRisk","If you over-use this feeling, you may give up, blame others, or push people too hard.","如果过度使用这种情绪，你可能会放弃、责怪他人或过度施压。",""
"emotions.anger-3-frustrated.overloadTip","To balance, step back to clarify your goal, then choose one different approach, request, or boundary that could unlock movement.","为了保持平衡，退后一步明确你的目标，然后选择一种不同的方法、请求或边界来推动进展。",""
"emotions.anger-3-frustrated.adaptivePurpose","Signals that your effort is blocked and you want progress, efficiency, or a different result.","表明你的努力被阻碍，你渴望进步、效率或不同的结果。",""
"emotions.anger-3-frustrated.relatedFeelings[0]","Annoyed","烦恼","Appears as a label/chip in the UI; keep concise. These also appear in the SVG wheel."
"emotions.anger-3-frustrated.relatedFeelings[1]","Irritated","恼怒","Appears as a label/chip in the UI; keep concise. These also appear in the SVG wheel."
"emotions.anger-3-frustrated.relatedFeelings[2]","Exasperated","不耐烦","Appears as a label/chip in the UI; keep concise. These also appear in the SVG wheel."
"emotions.anger-3-frustrated.story","The code should work. Alex had checked every line, compared it to the documentation, even copied examples directly. Still, the same error message, mocking him in red. He'd been at this for six hours. His coffee was cold. The solution was probably something obvious, something he'd kick himself for missing. But right now, all he wanted was to throw his laptop out the window.","代码应该能运行。Alex检查了每一行，与文档进行了对比，甚至直接复制了示例。但仍然是同样的错误消息，用红色嘲弄着他。他已经在这上面花了六个小时。咖啡已经凉了。解决方案可能很明显，是那种他会因为自己没发现而懊恼的东西。但此刻，他只想把笔记本电脑扔出窗外。","Narrative vignette; character names (Alex, etc.) should stay in English/original form. Tone should be natural and literary."
"emotions.anger-3-frustrated.borderInfo","Frustrated is Anger meeting obstacles—the energy to change something that isn't working. It sits between Mad (intense anger) and Critical (analytical anger).","“沮丧”是愤怒遇上障碍——改变不顺之事的能量。它位于“愤怒”（强烈的愤怒）和“苛刻”（分析性的愤怒）之间。","Emotional algebra text; describes position between neighboring emotions"
"emotions.anger-4-critical.name","Critical","苛刻","Emotion name; nuanced term -- ""苛刻"" emphasizes harshness; ""批判"" emphasizes judgment. Verify which nuance is intended."
"emotions.anger-4-critical.category","Anger","愤怒","Category name; MUST match getCategoryColor()/getCategoryClass() in script.js. All 4 Anger emotions must use identical category string."
"emotions.anger-4-critical.description","A tendency to find fault or judge harshly. Being critical can be a form of anger directed at perceived flaws or failures.","一种挑剔或严厉评判的倾向。苛刻可以是针对被认为的缺陷或失败的愤怒表现形式。",""
"emotions.anger-4-critical.question","What improvement do you see is needed? What outcome are you trying to protect or enhance?","你看到需要什么改进？你试图保护或提升什么结果？",""
"emotions.anger-4-critical.overloadRisk","If you over-use this feeling, you may default to fault-finding, discourage others, or block creativity and experimentation.","如果过度使用这种情绪，你可能默认为挑错、打击他人或阻碍创造力和探索。",""
"emotions.anger-4-critical.overloadTip","To balance, acknowledge at least one thing that is working before naming concerns, and frame your critique as a contribution to shared improvement.","为了保持平衡，在说出关切之前先承认至少一件做得好的事，并将你的批评定位为对共同改进的贡献。",""
"emotions.anger-4-critical.adaptivePurpose","Signals that you notice risks, errors, or potential improvements and care about quality or integrity.","表明你注意到了风险、错误或可能的改进，关心质量或完整性。",""
"emotions.anger-4-critical.relatedFeelings[0]","Sarcastic","讽刺","Appears as a label/chip in the UI; keep concise. These also appear in the SVG wheel."
"emotions.anger-4-critical.relatedFeelings[1]","Skeptical","怀疑","Appears as a label/chip in the UI; keep concise. These also appear in the SVG wheel."
"emotions.anger-4-critical.relatedFeelings[2]","Judgmental","评判","Appears as a label/chip in the UI; keep concise. These also appear in the SVG wheel."
"emotions.anger-4-critical.borderInfo","Critical is near Anticipation because it involves vigilance and preparation against potential problems.","苛刻靠近期待，因为它涉及对潜在问题的警惕和防备。","References other emotion categories; the category names used here should match the translated Chinese category names for consistency."
"emotions.anger-4-critical.story","""It's fine, I guess."" Sophie watched her roommate's face fall at the lukewarm response to her new painting. She hadn't meant to be harsh, but she could see every flaw—the muddy colors, the uncertain brushwork, the derivative composition. The kindest thing would have been encouraging words. Instead, she'd let her standards speak for her, and now the moment to be supportive had passed.","还行吧，我觉得。""Sophie看到室友对她新画收到的冷淡回应后脸上的失落。她不是有意要严厉，但她能看到每一个缺陷——泥泞的色彩、犹豫的笔触、缺乏原创性的构图。最善意的做法是说几句鼓励的话。然而，她让自己的标准替她说话了，而现在给予支持的时机已经过去了。""","Narrative vignette; character names (Sophie, etc.) should stay in English/original form. Tone should be natural and literary."
"emotions.anticipation-1-excited.name","Excited","兴奋","Emotion name; nuanced term -- verify it captures the same shade of meaning as the English."
"emotions.anticipation-1-excited.category","Anticipation","期待","Category name; MUST match getCategoryColor()/getCategoryClass() in script.js. All 4 Anticipation emotions must use identical category string."
"emotions.anticipation-1-excited.description","A feeling of enthusiastic eagerness about something that's going to happen. Excitement energizes you and creates positive anticipation.","对即将发生的事情充满热情和渴望。兴奋为你注入能量，创造积极的期待。",""
"emotions.anticipation-1-excited.question","What opportunity is energizing you? How can you channel this energy into intentional action?","什么机会正在激发你的能量？你如何将这种能量引导为有意识的行动？",""
"emotions.anticipation-1-excited.overloadRisk","If you over-use this feeling, you may overcommit, rush ahead without planning, or burn out.","如果过度使用这种情绪，你可能会过度承诺、仓促行动而不做计划，或精力耗尽。",""
"emotions.anticipation-1-excited.overloadTip","To balance, match your energy with a realistic plan and pacing, and choose one clear next step instead of trying to do everything at once.","为了保持平衡，将你的能量与现实的计划和节奏相匹配，选择一个明确的下一步而不是试图同时做所有事。",""
"emotions.anticipation-1-excited.adaptivePurpose","Signals that you feel energized by a possibility and are ready to engage with it.","表明你被一种可能性所激发，并准备好投入其中。",""
"emotions.anticipation-1-excited.relatedFeelings[0]","Passionate","热情","Appears as a label/chip in the UI; keep concise. These also appear in the SVG wheel."
"emotions.anticipation-1-excited.relatedFeelings[1]","Energized","充满活力","Appears as a label/chip in the UI; keep concise. These also appear in the SVG wheel."
"emotions.anticipation-1-excited.relatedFeelings[2]","Thrilled","激动","Appears as a label/chip in the UI; keep concise. These also appear in the SVG wheel."
"emotions.anticipation-1-excited.borderInfo","Excited is near Anger because it involves intense energy and readiness for action.","兴奋靠近愤怒，因为它涉及强烈的能量和行动准备。","References other emotion categories; the category names used here should match the translated Chinese category names for consistency."
"emotions.anticipation-1-excited.story","The concert was still three weeks away, but Jasmine had already planned her outfit, made a playlist of songs to re-learn, and started counting down the days. She'd been following this band since middle school, knew every album, every interview. The fact that she'd actually gotten tickets—good tickets—still didn't feel entirely real.","演唱会还有三周才到，但Jasmine已经计划好了穿什么、制作了一个歌曲播放列表来重温，并开始倒计时。她从初中就开始关注这支乐队，知道每张专辑、每次采访。她竟然买到了票——还是好位置的票——这件事仍然感觉不太真实。","Narrative vignette; character names (Jasmine, etc.) should stay in English/original form. Tone should be natural and literary."
"emotions.anticipation-2-eager.name","Eager","热切","Emotion name; nuanced term -- ""热切"" captures eagerness well; could also be ""渴望"" or ""急切""."
"emotions.anticipation-2-eager.category","Anticipation","期待","Category name; MUST match getCategoryColor()/getCategoryClass() in script.js. All 4 Anticipation emotions must use identical category string."
"emotions.anticipation-2-eager.description","A keen desire or readiness to do or experience something. Eagerness drives you forward with enthusiasm and motivation.","对做某事或体验某事的强烈渴望或准备。热切以热情和动力推动你前进。",""
"emotions.anticipation-2-eager.question","What do you want to move toward? What first step would move you in that direction?","你想要走向什么？什么第一步能让你朝那个方向前进？",""
"emotions.anticipation-2-eager.overloadRisk","If you over-use this feeling, you may ignore red flags, skip reflection, or say yes too often.","如果过度使用这种情绪，你可能会忽略警告信号、跳过反思或太频繁地说好""。""",""
"emotions.anticipation-2-eager.overloadTip","To balance, pause to ask what information, boundaries, or preparation you need before you move, then take a thoughtful first step.","为了保持平衡，暂停一下问问自己在行动前需要什么信息、边界或准备，然后迈出深思熟虑的第一步。",""
"emotions.anticipation-2-eager.adaptivePurpose","Signals that you feel ready to pursue something and want to move quickly toward it.","表明你感觉准备好了追求某事，想要快速朝它前进。",""
"emotions.anticipation-2-eager.relatedFeelings[0]","Enthusiastic","热忱","Appears as a label/chip in the UI; keep concise. These also appear in the SVG wheel."
"emotions.anticipation-2-eager.relatedFeelings[1]","Motivated","有动力","Appears as a label/chip in the UI; keep concise. These also appear in the SVG wheel."
"emotions.anticipation-2-eager.relatedFeelings[2]","Keen","跃跃欲试","Appears as a label/chip in the UI; keep concise. These also appear in the SVG wheel."
"emotions.anticipation-2-eager.story","When the email came through—""Your application has been approved""—Ben was already grabbing his car keys. The rescue shelter closed in an hour, and somewhere inside was the dog he'd seen online, the one with the goofy ears and the soulful eyes. Six months of researching breeds, preparing his apartment, waiting for the right moment. Today was the day.","当邮件来了——你的申请已批准""——Ben已经抓起了车钥匙。收容所一小时后就关门了，里面的某个地方有他在网上看到的那只狗，就是那只长着滑稽耳朵和忧郁眼神的狗。六个月的品种研究、公寓准备、等待合适的时机。今天就是那一天。""","Narrative vignette; character names (Ben, etc.) should stay in English/original form. Tone should be natural and literary."
"emotions.anticipation-2-eager.borderInfo","Eager is Anticipation in motion—ready and wanting to engage. It sits between Excited (high energy) and Interested (curious engagement).","“热切”是行动中的期待——准备好并渴望参与。它位于“兴奋”（高能量的）和“感兴趣”（好奇的投入）之间。","Emotional algebra text; describes position between neighboring emotions"
"emotions.anticipation-3-interested.name","Interested","感兴趣","Emotion name; nuanced term -- verify it captures the same shade of meaning as the English."
"emotions.anticipation-3-interested.category","Anticipation","期待","Category name; MUST match getCategoryColor()/getCategoryClass() in script.js. All 4 Anticipation emotions must use identical category string."
"emotions.anticipation-3-interested.description","A feeling of wanting to learn more or be involved in something. Interest draws your attention and curiosity toward new experiences.","想要了解更多或参与某事的感觉。兴趣将你的注意力和好奇心引向新的体验。",""
"emotions.anticipation-3-interested.question","What is drawing your attention? What feels worth exploring or understanding more deeply?","什么在吸引你的注意力？什么值得更深入地探索或理解？",""
"emotions.anticipation-3-interested.overloadRisk","If you over-use this feeling, you may scatter your focus, start many things, and finish few.","如果过度使用这种情绪，你可能会分散注意力、开始很多事却完成很少。",""
"emotions.anticipation-3-interested.overloadTip","To balance, consciously choose one focus area for now and capture other interests on a list for later, so you can explore with intention.","为了保持平衡，有意识地选择当下的一个聚焦领域，把其他兴趣记在清单上留待以后，这样你可以有目的地探索。",""
"emotions.anticipation-3-interested.adaptivePurpose","Signals that your curiosity is activated and you see potential value in learning or exploring.","表明你的好奇心被激活，你看到了学习或探索的潜在价值。",""
"emotions.anticipation-3-interested.relatedFeelings[0]","Impatient","急切","Appears as a label/chip in the UI; keep concise. These also appear in the SVG wheel."
"emotions.anticipation-3-interested.relatedFeelings[1]","Curious","好奇","Appears as a label/chip in the UI; keep concise. These also appear in the SVG wheel."
"emotions.anticipation-3-interested.relatedFeelings[2]","Engaged","投入","Appears as a label/chip in the UI; keep concise. These also appear in the SVG wheel."
"emotions.anticipation-3-interested.story","""Tell me more about that."" Professor Walsh leaned forward, genuinely curious. The student's thesis proposal wasn't polished yet, but there was something there—an unexpected connection between fields that rarely spoke to each other. Her mind was already racing with questions, potential research directions, colleagues who might want to collaborate. This was why she loved academia.","多跟我说说。""Walsh教授身体前倾，真心好奇。这个学生的论文提案还不够完善，但其中有些东西——两个几乎不交集的领域之间的意外联系。她的脑海已经在飞速运转，想着问题、潜在的研究方向、可能想要合作的同事。这就是她热爱学术的原因。""","Narrative vignette; character names (Professor Walsh, etc.) should stay in English/original form. Tone should be natural and literary."
"emotions.anticipation-3-interested.borderInfo","Interested is the thoughtful heart of Anticipation—attention drawn toward something worth exploring. It sits between Eager (ready to act) and Stressed (overwhelmed by demands).","“感兴趣”是期待的深思核心——注意力被值得探索之事所吸引。它位于“热切”（准备行动的）和“压力”（被需求压倒的）之间。","Emotional algebra text; describes position between neighboring emotions"
"emotions.anticipation-4-stressed.name","Stressed","压力","Emotion name; nuanced term -- ""压力"" is a noun; ""有压力"" or ""紧张"" might read more naturally as a feeling state label."
"emotions.anticipation-4-stressed.category","Anticipation","期待","Category name; MUST match getCategoryColor()/getCategoryClass() in script.js. All 4 Anticipation emotions must use identical category string."
"emotions.anticipation-4-stressed.description","A state of mental or emotional strain from demanding circumstances. Stress signals that you're facing challenges that require energy and resources.","由苛刻环境导致的精神或情感紧张状态。压力表明你正面临需要精力和资源的挑战。",""
"emotions.anticipation-4-stressed.question","What pressures need attention? Where do you need relief, support, or clearer boundaries?","什么压力需要关注？你在哪里需要缓解、支持或更清晰的边界？",""
"emotions.anticipation-4-stressed.overloadRisk","If you over-use this feeling, you may run in crisis mode, make reactive decisions, or exhaust yourself.","如果过度使用这种情绪，你可能处于危机模式运转、做出反应性决定或耗尽自己。",""
"emotions.anticipation-4-stressed.overloadTip","To balance, identify one demand you can reduce, delegate, or delay and one brief practice that helps restore your energy or clarity.","为了保持平衡，找出一个你可以减少、委派或推迟的需求，以及一个帮助恢复精力或清晰度的简短练习。",""
"emotions.anticipation-4-stressed.adaptivePurpose","Signals that demands feel greater than your current resources and something needs to change.","表明需求感觉大于你目前的资源，需要做出改变。",""
"emotions.anticipation-4-stressed.relatedFeelings[0]","Overwhelmed","不堪重负","Appears as a label/chip in the UI; keep concise. These also appear in the SVG wheel."
"emotions.anticipation-4-stressed.relatedFeelings[1]","Pressured","承受压力","Appears as a label/chip in the UI; keep concise. These also appear in the SVG wheel."
"emotions.anticipation-4-stressed.relatedFeelings[2]","Tense","紧绷","Appears as a label/chip in the UI; keep concise. These also appear in the SVG wheel."
"emotions.anticipation-4-stressed.borderInfo","Stressed is near Joy because it involves high energy focused on achieving positive outcomes.","压力靠近快乐，因为它涉及高能量聚焦于实现积极结果。","References other emotion categories; the category names used here should match the translated Chinese category names for consistency."
"emotions.anticipation-4-stressed.story","The wedding was in ten days. The caterer had just canceled. Her mother-in-law was ""suggesting"" seating chart changes. The alterations on her dress weren't done. And now, scrolling through her phone at midnight, Hannah discovered that the forecast called for rain. She could feel the pressure building behind her eyes, the familiar tightness in her chest. Something was going to have to give.","婚礼还有十天。餐饮供应商刚刚取消了。婆婆在建议""更改座位安排。礼服的修改还没完成。现在，午夜时分刷着手机，Hannah发现天气预报说要下雨。她能感到压力在眼后聚集，胸口那熟悉的紧绷感。必须有所取舍了。""","Narrative vignette; character names (Hannah, etc.) should stay in English/original form. Tone should be natural and literary."
