"key","english","vietnamese","claude_note"
"ui.title","Emotional Wisdom Wheel","Bánh Xe Trí Tuệ Cảm Xúc",""
"ui.welcomeMessage","This interactive wheel helps you identify and understand different emotions.","Bánh xe tương tác này giúp bạn nhận biết và hiểu các cảm xúc khác nhau.",""
"ui.howToUseTitle","How to use:","Cách sử dụng:",""
"ui.howToUseSteps[0]","Hover over any segment to highlight it","Di chuột qua bất kỳ phần nào để làm nổi bật",""
"ui.howToUseSteps[1]","Click on a segment to learn more about that emotion","Nhấp vào một phần để tìm hiểu thêm về cảm xúc đó",""
"ui.howToUseSteps[2]","Explore the 8 core emotions and 32 related feelings","Khám phá 8 cảm xúc cốt lõi và 32 cảm giác liên quan",""
"ui.copyright","©Joshua Freedman from the new book:","©Joshua Freedman từ cuốn sách mới:",""
"ui.copyrightLink","Emotion Rules","Emotion Rules","Keep in English — must match book title"
"ui.version","v3.3","v3.2","Check version matches en.json"
"ui.modalClose","×","×",""
"ui.relatedFeelingsLabel","Variations","Biến Thể",""
"ui.borderInfoLabel","Border Insight","Góc Nhìn Biên Giới",""
"ui.quotesLabel","Inspirational Quotes","Trích Dẫn Truyền Cảm Hứng",""
"ui.adaptivePurposeLabel","Adaptive Purpose","Mục Đích Thích Nghi",""
"ui.overloadRiskLabel","Overload Risk","Nguy Cơ Quá Tải",""
"ui.overloadTipLabel","Balance Tip","Mẹo Cân Bằng",""
"ui.tabEssentials","Essentials","Cơ Bản","Tab label — keep short"
"ui.tabAlgebra","Algebra","Đại Số","Tab label — keep short"
"ui.tabWisdom","Wisdom","Trí Tuệ","Tab label — keep short; gated content"
"ui.tabExamples","Examples","Ví Dụ","Tab label — keep short; gated content"
"ui.tabEmojis","Emojis","Biểu Tượng","Tab label — keep short"
"ui.definitionLabel","Definition","Định Nghĩa",""
"ui.emotionalAlgebraLabel","Emotional Algebra","Đại Số Cảm Xúc",""
"ui.exploreRelatedLabel","Explore Related Feelings","Khám Phá Cảm Giác Liên Quan",""
"ui.guidingQuestionLabel","Guiding Question","Câu Hỏi Dẫn Dắt",""
"ui.realLifeExampleLabel","Real-Life Example","Ví Dụ Thực Tế",""
"ui.copyButton","Copy","Sao Chép",""
"ui.copiedToast","Copied!","Đã Sao Chép!",""
"ui.randomFeelingButton","🎲 Explore a Random Feeling","🎲 Khám Phá Một Cảm Giác Ngẫu Nhiên",""
"ui.noQuotes","No quotations available for this feeling.","Không có trích dẫn nào cho cảm giác này.",""
"ui.comingSoon","Real-life examples coming soon.","Ví dụ thực tế sẽ sớm có.",""
"ui.subscribeModalTitle","Unlock Full Access","Mở Khóa Toàn Bộ Quyền Truy Cập",""
"ui.subscribeModalDescription","Get free access to wisdom insights and real-life examples for all 32 emotions.","Nhận quyền truy cập miễn phí vào những hiểu biết về trí tuệ và ví dụ thực tế cho tất cả 32 cảm xúc.",""
"ui.subscribeButton","Subscribe Free","Đăng Ký Miễn Phí",""
"ui.firstNamePlaceholder","First name","Tên",""
"ui.emailPlaceholder","Email address","Địa chỉ email",""
"ui.countryPlaceholder","Select your country","Chọn quốc gia của bạn",""
"ui.privacyNote","We respect your privacy. Unsubscribe anytime.","Chúng tôi tôn trọng quyền riêng tư của bạn. Hủy đăng ký bất cứ lúc nào.",""
"ui.subscribeSuccess","Welcome! All content is now unlocked.","Chào mừng! Tất cả nội dung đã được mở khóa.",""
"ui.welcomeBackTitle","Thank you for subscribing!","Cảm ơn bạn đã đăng ký!",""
"ui.welcomeBackMessage","Close this message and you have full access to the Emotional Wisdom Wheel.","Đóng thông báo này để có toàn quyền truy cập vào Bánh Xe Trí Tuệ Cảm Xúc.",""
"ui.welcomeBackButton","Start Exploring","Bắt Đầu Khám Phá",""
"ui.aboutLabel","About","Giới Thiệu","Reopen button label"
"ui.aboutCardText1","Emotions can be confusing, but they have their own logic... they follow ""rules."" That's what you'll get from the book <a href=""https://www.6seconds.org/emotionrules"" target=""_blank""><em>Emotion Rules, The Science and Practice of Emotional Wisdom.</em></a>","Cảm xúc có thể gây nhầm lẫn, nhưng chúng có logic riêng của mình... chúng tuân theo ""những quy tắc."" Đó là những gì bạn sẽ nhận được từ cuốn sách <a href=""https://www.6seconds.org/emotionrules"" target=""_blank""><em>Emotion Rules, The Science and Practice of Emotional Wisdom.</em></a>","Contains HTML link — book title and org name kept in English"
"ui.aboutCardText2","This Emotional Wisdom Wheel is based on the concepts in the book, and Six Seconds' methodology for helping people grow and practice emotional intelligence.","Bánh Xe Trí Tuệ Cảm Xúc này được xây dựng dựa trên các khái niệm trong cuốn sách và phương pháp luận của Six Seconds trong việc giúp mọi người phát triển và thực hành trí tuệ cảm xúc.","Six Seconds is org name — kept as-is"
"ui.oppositeFeelingLabel","Feeling Across the Wheel","Cảm Giác Đối Diện Trên Bánh Xe",""
"emotions.joy-1-optimistic.name","Optimistic","Lạc Quan",""
"emotions.joy-1-optimistic.category","Joy","Niềm Vui","Value MUST match getCategoryColor()/getCategoryClass() in script.js"
"emotions.joy-1-optimistic.description","A feeling of hopefulness and confidence about the future. When you're optimistic, you believe that good things will happen and maintain a positive outlook on life.","Cảm giác hy vọng và tự tin về tương lai. Khi bạn lạc quan, bạn tin rằng những điều tốt đẹp sẽ xảy ra và duy trì cái nhìn tích cực về cuộc sống.",""
"emotions.joy-1-optimistic.question","What possibilities do you see? What could go right in this situation?","Bạn thấy những khả năng nào? Điều gì có thể diễn ra tốt đẹp trong tình huống này?",""
"emotions.joy-1-optimistic.overloadRisk","If you over-use this feeling, you may overlook real risks or pressure others to 'stay positive' when they need something different.","Nếu bạn sử dụng cảm giác này quá mức, bạn có thể bỏ qua những rủi ro thực sự hoặc gây áp lực cho người khác phải 'giữ thái độ tích cực' khi họ cần điều khác.",""
"emotions.joy-1-optimistic.overloadTip","To balance, name one real challenge and one concrete step to prepare for it while still honoring your sense of possibility.","Để cân bằng, hãy nhận diện một thách thức thực tế và một bước cụ thể để chuẩn bị, trong khi vẫn trân trọng cảm giác về khả năng của bạn.",""
"emotions.joy-1-optimistic.adaptivePurpose","Signals that you see positive possibilities and potential good outcomes.","Báo hiệu rằng bạn thấy những khả năng tích cực và kết quả tốt đẹp tiềm năng.",""
"emotions.joy-1-optimistic.relatedFeelings","Positive | Inspired | Hopeful","Tích Cực | Được Truyền Cảm Hứng | Đầy Hy Vọng","Pipe-separated list"
"emotions.joy-1-optimistic.borderInfo","Optimistic is near Anticipation because it has a component of looking ahead.","Lạc Quan gần với Mong Đợi vì nó có yếu tố nhìn về phía trước.",""
"emotions.joy-1-optimistic.story","Maria had been job hunting for three months with no luck. On the way to yet another interview, she caught herself smiling on the subway. ""I'm going to nail this one -- I've done the hard work,"" she thought. Instead of rehearsing what could go wrong, she found herself imagining her first day at the new office. The rational part of her brain warned against getting her hopes up, but something in her gut said this time she was really ready.","Maria đã tìm việc làm trong ba tháng mà không thành công. Trên đường đến buổi phỏng vấn tiếp theo, cô bỗng nhận ra mình đang mỉm cười trên tàu điện ngầm. ""Lần này mình sẽ thành công — mình đã nỗ lực hết mình rồi,"" cô nghĩ. Thay vì lo lắng những điều có thể xảy ra sai, cô lại tưởng tượng ngày đầu tiên ở văn phòng mới. Phần lý trí trong não cô cảnh báo đừng đặt quá nhiều hy vọng, nhưng điều gì đó trong lòng cô nói rằng lần này cô đã thực sự sẵn sàng.",""
"emotions.joy-2-confident.name","Confident","Tự Tin",""
"emotions.joy-2-confident.category","Joy","Niềm Vui","Value MUST match getCategoryColor()/getCategoryClass() in script.js"
"emotions.joy-2-confident.description","A sense of self-assurance arising from appreciation of your abilities or qualities. Confidence empowers you to take action and face challenges.","Sự tự tin xuất phát từ việc trân trọng khả năng và phẩm chất của bản thân. Sự tự tin trao quyền cho bạn để hành động và đối mặt với thử thách.",""
"emotions.joy-2-confident.question","What strengths can you bring to this situation? What are you capable of doing?","Bạn có thể mang những điểm mạnh nào vào tình huống này? Bạn có khả năng làm gì?",""
"emotions.joy-2-confident.overloadRisk","If you over-use this feeling, you may overestimate your capacity or dismiss others' perspectives and needs.","Nếu bạn sử dụng cảm giác này quá mức, bạn có thể đánh giá quá cao năng lực của mình hoặc bỏ qua quan điểm và nhu cầu của người khác.",""
"emotions.joy-2-confident.overloadTip","To balance, ask yourself where you still need input or support, and invite at least one other voice into the conversation.","Để cân bằng, hãy tự hỏi mình cần thêm thông tin hoặc hỗ trợ ở đâu, và mời ít nhất một tiếng nói khác vào cuộc trò chuyện.",""
"emotions.joy-2-confident.adaptivePurpose","Signals that you have resources, abilities, or experience you can draw on.","Báo hiệu rằng bạn có nguồn lực, khả năng hoặc kinh nghiệm để dựa vào.",""
"emotions.joy-2-confident.relatedFeelings","Proud | Self-assured | Empowered","Tự Hào | Tự Đảm Bảo | Được Trao Quyền","Pipe-separated list"
"emotions.joy-2-confident.borderInfo","Confident is pure Joy energy directed inward—a recognition of your own capabilities. It sits between Optimistic (future-focused) and Joyful (present-moment pleasure).","Tự Tin là năng lượng Niềm Vui thuần túy hướng vào bên trong—sự nhận ra năng lực của chính bạn. Nó nằm giữa Lạc Quan (hướng tương lai) và Vui Mừng (niềm vui hiện tại).",""
"emotions.joy-2-confident.story","After months of preparation, James stood backstage waiting to give his first TEDx talk. His hands were steady, his breathing calm. He'd practiced this speech fifty times, knew every transition, every pause. When they called his name, he walked to center stage not with arrogance, but with quiet certainty. He had put in the work. He was ready.","Sau nhiều tháng chuẩn bị, James đứng hậu trường chờ thực hiện bài nói TEDx đầu tiên. Tay anh vững vàng, hơi thở bình thản. Anh đã luyện tập bài phát biểu này năm mươi lần, biết từng giai đoạn chuyển tiếp, từng khoảng dừng. Khi họ gọi tên anh, anh bước ra sân khấu không phải với sự kiêu ngạo, mà với sự chắc chắn trầm lặng. Anh đã nỗ lực. Anh đã sẵn sàng.",""
"emotions.joy-3-joyful.name","Joyful","Vui Mừng",""
"emotions.joy-3-joyful.category","Joy","Niềm Vui","Value MUST match getCategoryColor()/getCategoryClass() in script.js"
"emotions.joy-3-joyful.description","A feeling of great pleasure and happiness. Pure joy is an intense, positive emotion that fills you with delight and contentment.","Cảm giác vui vẻ và hạnh phúc lớn lao. Niềm vui thuần túy là cảm xúc tích cực mãnh liệt lấp đầy bạn bằng niềm hân hoan và sự hài lòng.",""
"emotions.joy-3-joyful.question","What is going well that you want to continue? What is nourishing or supportive?","Điều gì đang diễn ra tốt đẹp mà bạn muốn tiếp tục? Điều gì đang nuôi dưỡng hoặc hỗ trợ bạn?",""
"emotions.joy-3-joyful.overloadRisk","If you over-use this feeling, you may skip over problems or appear insensitive to others' pain.","Nếu bạn sử dụng cảm giác này quá mức, bạn có thể bỏ qua các vấn đề hoặc có vẻ như không nhạy cảm với nỗi đau của người khác.",""
"emotions.joy-3-joyful.overloadTip","To balance, enjoy what is good and gently scan for anything that also needs care or repair.","Để cân bằng, hãy thưởng thức những gì tốt đẹp và nhẹ nhàng quét tìm xem có điều gì còn cần được chăm sóc hoặc sửa chữa không.",""
"emotions.joy-3-joyful.adaptivePurpose","Signals that something important is working and worth savoring and continuing.","Báo hiệu rằng điều gì đó quan trọng đang hoạt động và đáng trân trọng và tiếp tục.",""
"emotions.joy-3-joyful.relatedFeelings","Ecstatic | Delighted | Blissful","Phấn Khích | Vui Thích | Hạnh Phúc Tuyệt Đỉnh","Pipe-separated list"
"emotions.joy-3-joyful.borderInfo","Joyful is the heart of Joy—pure, present-moment happiness. It sits between Confident (self-directed joy) and Loving (other-directed joy).","Vui Mừng là trái tim của Niềm Vui—hạnh phúc thuần túy ở khoảnh khắc hiện tại. Nó nằm giữa Tự Tin (niềm vui hướng vào mình) và Yêu Thương (niềm vui hướng ra ngoài).",""
"emotions.joy-3-joyful.story","The letter arrived on a Tuesday. Accepted. Full scholarship. Elena read it three times before it sank in. Then she was laughing, crying, spinning around her tiny apartment. She called her mother, her best friend, her old teacher who'd written her recommendation. Pure, unfiltered happiness—the kind that makes your face hurt from smiling.","Bức thư đến vào một ngày thứ Ba. Được nhận. Học bổng toàn phần. Elena đọc đi đọc lại ba lần trước khi hiểu ra. Rồi cô cười, khóc, xoay tròn quanh căn hộ nhỏ của mình. Cô gọi cho mẹ, người bạn thân nhất, người thầy cũ đã viết thư giới thiệu. Hạnh phúc thuần túy, không pha tạp—loại hạnh phúc khiến mặt bạn đau vì cười quá nhiều.",""
"emotions.joy-4-loving.name","Loving","Yêu Thương",""
"emotions.joy-4-loving.category","Joy","Niềm Vui","Value MUST match getCategoryColor()/getCategoryClass() in script.js"
"emotions.joy-4-loving.description","A deep feeling of affection, care, and warmth toward someone or something. Love creates connection and a sense of belonging.","Cảm giác sâu sắc về tình cảm, sự quan tâm và ấm áp đối với ai đó hoặc điều gì đó. Tình yêu tạo ra sự kết nối và cảm giác thuộc về.",""
"emotions.joy-4-loving.question","What do you appreciate about this person or situation? How can you show care and support?","Bạn trân trọng điều gì về người này hay tình huống này? Làm thế nào bạn có thể thể hiện sự quan tâm và hỗ trợ?",""
"emotions.joy-4-loving.overloadRisk","If you over-use this feeling, you may lose healthy boundaries or neglect your own needs while caring for others.","Nếu bạn sử dụng cảm giác này quá mức, bạn có thể mất đi ranh giới lành mạnh hoặc bỏ bê nhu cầu của bản thân khi chăm sóc người khác.",""
"emotions.joy-4-loving.overloadTip","To balance, name one thing you appreciate and one need of your own, and choose a step that honors both.","Để cân bằng, hãy nhận diện một điều bạn trân trọng và một nhu cầu của bản thân, rồi chọn một bước tôn vinh cả hai.",""
"emotions.joy-4-loving.adaptivePurpose","Signals a desire to connect, nurture, and invest in people or causes that matter to you.","Báo hiệu mong muốn kết nối, nuôi dưỡng và đầu tư vào những người hoặc những điều quan trọng với bạn.",""
"emotions.joy-4-loving.relatedFeelings","Embracing | Generous | Affectionate","Ôm Ấp | Rộng Lượng | Trìu Mến","Pipe-separated list"
"emotions.joy-4-loving.borderInfo","Loving is near Trust because it involves a foundation of care and reliability.","Yêu Thương gần với Tin Tưởng vì nó liên quan đến nền tảng của sự quan tâm và đáng tin cậy.",""
"emotions.joy-4-loving.story","David watched his daughter take her first wobbly steps across the living room. When she fell, she looked up at him with complete trust, waiting for his reaction before deciding whether to cry. He scooped her up, kissed her forehead, and felt his heart expand in a way he couldn't have imagined before becoming a father. This tiny person had utterly transformed him.","David nhìn con gái bé nhỏ của mình bước những bước chập chững đầu tiên qua phòng khách. Khi cô bé ngã, cô bé nhìn lên anh với sự tin tưởng hoàn toàn, chờ đợi phản ứng của anh trước khi quyết định có khóc hay không. Anh bế cô bé lên, hôn lên trán, và cảm thấy tim mình nở rộng theo cách anh không thể tưởng tượng trước khi trở thành người cha. Sinh linh bé nhỏ này đã hoàn toàn biến đổi anh.",""
"emotions.trust-1-grateful.name","Grateful","Biết Ơn",""
"emotions.trust-1-grateful.category","Trust","Tin Tưởng","Value MUST match getCategoryColor()/getCategoryClass() in script.js"
"emotions.trust-1-grateful.description","A warm feeling of thankfulness and appreciation. Gratitude helps you recognize and value the good things in your life.","Cảm giác ấm áp của sự biết ơn và trân trọng. Lòng biết ơn giúp bạn nhận ra và coi trọng những điều tốt đẹp trong cuộc sống.",""
"emotions.trust-1-grateful.question","What is supporting or nourishing you? Who or what is contributing to what you care about?","Điều gì đang hỗ trợ hoặc nuôi dưỡng bạn? Ai hoặc điều gì đang góp phần vào những gì bạn quan tâm?",""
"emotions.trust-1-grateful.overloadRisk","If you over-use this feeling, you may tolerate unhealthy situations or avoid expressing real needs because 'you should be grateful.'","Nếu bạn sử dụng cảm giác này quá mức, bạn có thể chịu đựng những tình huống không lành mạnh hoặc tránh bày tỏ nhu cầu thực sự vì 'bạn nên biết ơn.'",""
"emotions.trust-1-grateful.overloadTip","To balance, let gratitude stand beside honesty: appreciate what is working and identify one need or boundary you still want to express.","Để cân bằng, hãy để lòng biết ơn đứng bên cạnh sự thành thật: trân trọng những gì đang hoạt động và xác định một nhu cầu hoặc ranh giới bạn vẫn muốn bày tỏ.",""
"emotions.trust-1-grateful.adaptivePurpose","Signals that you are receiving support, resources, or gifts that matter to you.","Báo hiệu rằng bạn đang nhận được sự hỗ trợ, nguồn lực hoặc những món quà quan trọng với bạn.",""
"emotions.trust-1-grateful.relatedFeelings","Fulfilled | Admiration | Thankful","Thỏa Mãn | Ngưỡng Mộ | Tri Ân","Pipe-separated list"
"emotions.trust-1-grateful.borderInfo","Grateful is near Joy because it involves appreciation for positive experiences.","Biết Ơn gần với Niềm Vui vì nó liên quan đến sự trân trọng những trải nghiệm tích cực.",""
"emotions.trust-1-grateful.story","After the surgery, lying in the recovery room, Tom found himself overwhelmed—not by pain, but by appreciation. The nurse who'd held his hand before anesthesia. His sister who'd taken time off work to be there. The surgeon whose steady hands had given him more years with his family. He'd never felt so aware of how much he depended on others, or so thankful for it.","Sau ca phẫu thuật, nằm trong phòng hồi sức, Tom thấy mình bị áp đảo—không phải bởi đau đớn, mà bởi sự trân trọng. Cô y tá đã nắm tay anh trước khi gây mê. Chị gái anh đã nghỉ việc để ở bên. Bác sĩ phẫu thuật với đôi bàn tay vững chắc đã cho anh thêm nhiều năm bên gia đình. Anh chưa bao giờ cảm thấy rõ ràng như vậy về việc mình phụ thuộc vào người khác, hay biết ơn vì điều đó đến nhường nào.",""
"emotions.trust-2-peaceful.name","Peaceful","Bình Yên",""
"emotions.trust-2-peaceful.category","Trust","Tin Tưởng","Value MUST match getCategoryColor()/getCategoryClass() in script.js"
"emotions.trust-2-peaceful.description","A state of tranquility and calm, free from worry or disturbance. Peace brings mental and emotional equilibrium.","Trạng thái thanh thản và bình lặng, thoát khỏi lo lắng hay xáo trộn. Sự bình yên mang lại sự cân bằng về tinh thần và cảm xúc.",""
"emotions.trust-2-peaceful.question","What is recharging or supporting you? What's going right?","Điều gì đang nạp lại năng lượng hoặc hỗ trợ bạn? Điều gì đang diễn ra đúng?",""
"emotions.trust-2-peaceful.overloadRisk","If you over-use this feeling, you may avoid necessary conflict or disengage from important challenges.","Nếu bạn sử dụng cảm giác này quá mức, bạn có thể tránh xung đột cần thiết hoặc tách biệt khỏi những thách thức quan trọng.",""
"emotions.trust-2-peaceful.overloadTip","To balance, enjoy the calm and ask if there is any issue that still needs a courageous conversation or small action.","Để cân bằng, hãy tận hưởng sự bình lặng và tự hỏi xem có vấn đề nào vẫn cần một cuộc trò chuyện can đảm hay hành động nhỏ nào không.",""
"emotions.trust-2-peaceful.adaptivePurpose","Signals that your system is re-centering and you feel safe enough to rest and restore.","Báo hiệu rằng hệ thống của bạn đang tái cân bằng và bạn cảm thấy đủ an toàn để nghỉ ngơi và phục hồi.",""
"emotions.trust-2-peaceful.relatedFeelings","Calm | Content | Serene","Bình Tĩnh | Hài Lòng | Thanh Thản","Pipe-separated list"
"emotions.trust-2-peaceful.borderInfo","Peaceful is the calm center of Trust—a state of equilibrium and safety. It sits between Grateful (appreciating what is) and Accepted (belonging with others).","Bình Yên là trung tâm bình lặng của Tin Tưởng—trạng thái cân bằng và an toàn. Nó nằm giữa Biết Ơn (trân trọng những gì hiện có) và Được Chấp Nhận (thuộc về người khác).",""
"emotions.trust-2-peaceful.story","Sunday morning. Rain against the windows. No alarms, no obligations, nowhere to be. Sarah curled up with her coffee and a book she'd been meaning to read for months. The apartment was quiet except for her cat purring on the cushion beside her. For the first time in weeks, her mind wasn't racing through to-do lists. She was simply... here.","Sáng Chủ Nhật. Mưa gõ lên cửa sổ. Không có đồng hồ báo thức, không có nghĩa vụ, không cần đi đâu. Sarah cuộn mình lại với ly cà phê và cuốn sách mà cô định đọc từ nhiều tháng nay. Căn hộ im lặng chỉ có tiếng mèo nằm purring trên đệm bên cạnh. Lần đầu tiên trong nhiều tuần, tâm trí cô không chạy qua danh sách công việc. Cô chỉ đơn giản là... ở đây.",""
"emotions.trust-3-accepted.name","Accepted","Được Chấp Nhận",""
"emotions.trust-3-accepted.category","Trust","Tin Tưởng","Value MUST match getCategoryColor()/getCategoryClass() in script.js"
"emotions.trust-3-accepted.description","A feeling of being welcomed and valued for who you are. Acceptance creates a sense of belonging and security.","Cảm giác được chào đón và coi trọng vì con người thật của bạn. Sự chấp nhận tạo ra cảm giác thuộc về và an toàn.",""
"emotions.trust-3-accepted.question","Where do you feel you belong? Who accepts and values you as you are?","Bạn cảm thấy mình thuộc về đâu? Ai chấp nhận và coi trọng bạn như bạn vốn có?",""
"emotions.trust-3-accepted.overloadRisk","If you over-use this feeling, you may over-conform, hiding parts of yourself to keep belonging.","Nếu bạn sử dụng cảm giác này quá mức, bạn có thể quá tuân thủ, ẩn giấu những phần của bản thân để tiếp tục thuộc về.",""
"emotions.trust-3-accepted.overloadTip","To balance, notice where you feel safe enough to be more authentic, and share one more honest piece of yourself.","Để cân bằng, hãy chú ý đến nơi bạn cảm thấy đủ an toàn để trở nên xác thực hơn, và chia sẻ một phần thành thật hơn về bản thân.",""
"emotions.trust-3-accepted.adaptivePurpose","Signals that you feel seen, valued, and included in a group or relationship.","Báo hiệu rằng bạn cảm thấy được nhìn nhận, coi trọng và hòa nhập vào một nhóm hoặc mối quan hệ.",""
"emotions.trust-3-accepted.relatedFeelings","Valued | Respected | Welcomed","Được Coi Trọng | Được Tôn Trọng | Được Chào Đón","Pipe-separated list"
"emotions.trust-3-accepted.borderInfo","Accepted is Trust expressed through belonging—the security of being seen and included. It sits between Peaceful (inner calm) and Hopeful (trusting the future).","Được Chấp Nhận là Tin Tưởng biểu hiện qua sự thuộc về—sự an toàn của việc được nhìn nhận và hòa nhập. Nó nằm giữa Bình Yên (sự bình lặng nội tâm) và Đầy Hy Vọng (tin tưởng vào tương lai).",""
"emotions.trust-3-accepted.story","Coming out to his parents had been terrifying. Miguel had prepared for arguments, disappointment, maybe even rejection. Instead, his mother had pulled him into a hug and whispered, ""I know, mijo. I've known for a while."" His father had simply said, ""You're still you. Nothing changes that."" Years of fear dissolved in that moment of unconditional acceptance.","Việc công khai với bố mẹ thật đáng sợ. Miguel đã chuẩn bị tinh thần cho những tranh luận, sự thất vọng, thậm chí có thể bị từ chối. Thay vào đó, mẹ anh kéo anh vào ôm và thì thầm, ""Mẹ biết rồi, con trai. Mẹ đã biết từ lâu."" Cha anh chỉ nói, ""Con vẫn là con. Không có gì thay đổi điều đó."" Những năm sợ hãi tan biến trong khoảnh khắc chấp nhận vô điều kiện đó.",""
"emotions.trust-4-hopeful.name","Hopeful","Đầy Hy Vọng",""
"emotions.trust-4-hopeful.category","Trust","Tin Tưởng","Value MUST match getCategoryColor()/getCategoryClass() in script.js"
"emotions.trust-4-hopeful.description","A feeling of expectation and desire for positive outcomes. Hope motivates you to keep moving forward even in difficult times.","Cảm giác kỳ vọng và mong muốn kết quả tích cực. Hy vọng thúc đẩy bạn tiếp tục tiến về phía trước ngay cả trong những thời điểm khó khăn.",""
"emotions.trust-4-hopeful.question","What are you hoping for? What positive outcome do you envision?","Bạn đang hy vọng điều gì? Bạn hình dung ra kết quả tích cực nào?",""
"emotions.trust-4-hopeful.overloadRisk","If you over-use this feeling, you may wait passively for change or cling to unrealistic expectations.","Nếu bạn sử dụng cảm giác này quá mức, bạn có thể chờ đợi thụ động sự thay đổi hoặc bám víu vào những kỳ vọng không thực tế.",""
"emotions.trust-4-hopeful.overloadTip","To balance, translate one part of your hope into a specific, doable step you can take now.","Để cân bằng, hãy chuyển một phần hy vọng của bạn thành một bước cụ thể, có thể thực hiện ngay bây giờ.",""
"emotions.trust-4-hopeful.adaptivePurpose","Signals that you can imagine a better future and feel drawn toward it.","Báo hiệu rằng bạn có thể hình dung một tương lai tốt đẹp hơn và cảm thấy bị thu hút về phía nó.",""
"emotions.trust-4-hopeful.relatedFeelings","Longing | Expectant | Optimistic","Khao Khát | Chờ Mong | Lạc Quan","Pipe-separated list"
"emotions.trust-4-hopeful.borderInfo","Hopeful is near Fear because it involves uncertainty about the future.","Đầy Hy Vọng gần với Sợ Hãi vì nó liên quan đến sự không chắc chắn về tương lai.",""
"emotions.trust-4-hopeful.story","The cancer was in remission. Dr. Chen had used careful language—""cautiously optimistic,"" ""good indicators""—but walking out of the oncology center, Rachel felt something she hadn't allowed herself to feel in eighteen months: hope. Not certainty, not denial, but genuine hope. The future, which had seemed so closed off, suddenly had doors again.","Ung thư đã thuyên giảm. Bác sĩ Chen dùng ngôn ngữ cẩn thận—""thận trọng lạc quan,"" ""dấu hiệu tốt""—nhưng khi bước ra khỏi trung tâm ung thư học, Rachel cảm thấy điều gì đó mà cô đã không cho phép mình cảm nhận trong mười tám tháng: hy vọng. Không phải sự chắc chắn, không phải sự phủ nhận, mà là hy vọng thực sự. Tương lai, vốn dường như đã đóng lại, đột nhiên lại có những cánh cửa mở ra.",""
"emotions.fear-1-nervous.name","Nervous","Hồi Hộp",""
"emotions.fear-1-nervous.category","Fear","Sợ Hãi","Value MUST match getCategoryColor()/getCategoryClass() in script.js"
"emotions.fear-1-nervous.description","A state of unease or apprehension about something uncertain. Nervousness is a natural response to situations that feel challenging or unfamiliar.","Trạng thái bất an hoặc lo lắng về điều gì đó không chắc chắn. Sự hồi hộp là phản ứng tự nhiên đối với những tình huống cảm thấy thách thức hoặc xa lạ.",""
"emotions.fear-1-nervous.question","What is creating risk? What feels unpredictable or out of control?","Điều gì đang tạo ra rủi ro? Điều gì cảm thấy không thể đoán trước hoặc ngoài tầm kiểm soát?",""
"emotions.fear-1-nervous.overloadRisk","If you over-use this feeling, you may see danger everywhere, overthink, or become paralyzed by what-if scenarios.","Nếu bạn sử dụng cảm giác này quá mức, bạn có thể thấy nguy hiểm ở khắp nơi, suy nghĩ quá nhiều, hoặc bị tê liệt bởi những tình huống giả định.",""
"emotions.fear-1-nervous.overloadTip","To balance, name one specific risk you are concerned about and one small action you can take to prepare or test your assumptions.","Để cân bằng, hãy nhận diện một rủi ro cụ thể bạn lo ngại và một hành động nhỏ bạn có thể thực hiện để chuẩn bị hoặc kiểm tra các giả định của mình.",""
"emotions.fear-1-nervous.adaptivePurpose","Signals that something feels uncertain or risky and may need caution or preparation.","Báo hiệu rằng điều gì đó cảm thấy không chắc chắn hoặc rủi ro và có thể cần thận trọng hoặc chuẩn bị.",""
"emotions.fear-1-nervous.relatedFeelings","Threatened | Uneasy | Jittery","Bị Đe Dọa | Bất An | Bồn Chồn","Pipe-separated list"
"emotions.fear-1-nervous.borderInfo","Nervous is near Trust because it involves vulnerability and the need for safety.","Hồi Hộp gần với Tin Tưởng vì nó liên quan đến sự dễ bị tổn thương và nhu cầu an toàn.",""
"emotions.fear-1-nervous.story","First day at the new school. Aisha stood outside the classroom door, hearing laughter and conversation inside. What if no one talked to her? What if she couldn't find the cafeteria? What if she said something stupid? Her stomach churned. She took a breath, reminded herself she'd survived new situations before, and pushed open the door.","Ngày đầu tiên ở trường mới. Aisha đứng trước cửa lớp học, nghe thấy tiếng cười và trò chuyện bên trong. Nếu không ai nói chuyện với cô thì sao? Nếu cô không tìm được căng-tin thì sao? Nếu cô nói điều gì đó ngớ ngẩn thì sao? Bụng cô quặn thắt. Cô hít một hơi, tự nhắc mình đã vượt qua những tình huống mới trước đây, và đẩy cửa bước vào.",""
"emotions.fear-2-scared.name","Scared","Hoảng Sợ",""
"emotions.fear-2-scared.category","Fear","Sợ Hãi","Value MUST match getCategoryColor()/getCategoryClass() in script.js"
"emotions.fear-2-scared.description","An intense feeling of fear or alarm. Being scared is your body's way of alerting you to potential danger.","Cảm giác sợ hãi hoặc báo động mãnh liệt. Sự hoảng sợ là cách cơ thể cảnh báo bạn về nguy hiểm tiềm ẩn.",""
"emotions.fear-2-scared.question","What or who do you care about that's at risk? What danger or harm are you sensing?","Ai hoặc điều gì bạn quan tâm đang bị đe dọa? Bạn đang cảm nhận nguy hiểm hay mối hại nào?",""
"emotions.fear-2-scared.overloadRisk","If you over-use this feeling, you may withdraw from what matters most or avoid important steps because they feel too scary.","Nếu bạn sử dụng cảm giác này quá mức, bạn có thể rút lui khỏi những điều quan trọng nhất hoặc tránh né những bước quan trọng vì chúng quá đáng sợ.",""
"emotions.fear-2-scared.overloadTip","To balance, clarify what you most want to protect and choose one action that increases safety while still honoring what you care about.","Để cân bằng, hãy làm rõ điều bạn muốn bảo vệ nhất và chọn một hành động tăng cường sự an toàn trong khi vẫn tôn vinh những gì bạn quan tâm.",""
"emotions.fear-2-scared.adaptivePurpose","Signals that something you care about feels threatened and needs protection or attention.","Báo hiệu rằng điều gì đó bạn quan tâm cảm thấy bị đe dọa và cần được bảo vệ hoặc chú ý.",""
"emotions.fear-2-scared.relatedFeelings","Frightened | Terrified | Alarmed","Kinh Hoàng | Khiếp Sợ | Giật Mình","Pipe-separated list"
"emotions.fear-2-scared.borderInfo","Scared is the active center of Fear—an immediate response to perceived danger. It sits between Nervous (milder concern) and Anxious (broader worry).","Hoảng Sợ là trung tâm năng động của Sợ Hãi—phản ứng ngay lập tức với nguy hiểm được cảm nhận. Nó nằm giữa Hồi Hộp (lo lắng nhẹ hơn) và Lo Âu (nỗi lo rộng hơn).",""
"emotions.fear-2-scared.story","The smoke alarm went off at 2 AM. Heart pounding, Kevin grabbed his phone and ran to check the kitchen. Nothing. The hallway. Nothing. Then he smelled it—smoke seeping under his apartment door from the hallway. This was real. His hands shook as he called 911, grabbed his wallet, and headed for the fire escape. Everything felt suddenly, terrifyingly immediate.","Báo động khói kêu vào lúc 2 giờ sáng. Tim đập loạn, Kevin cầm điện thoại và chạy vào bếp kiểm tra. Không có gì. Hành lang. Không có gì. Rồi anh ngửi thấy—khói lùa dưới cửa căn hộ từ hành lang. Đây là thật. Tay anh run khi gọi 911, cầm ví tiền và đi về phía cầu thang thoát hiểm. Mọi thứ đột nhiên cảm thấy ngay lập tức, thực sự đáng sợ.",""
"emotions.fear-3-anxious.name","Anxious","Lo Âu",""
"emotions.fear-3-anxious.category","Fear","Sợ Hãi","Value MUST match getCategoryColor()/getCategoryClass() in script.js"
"emotions.fear-3-anxious.description","A feeling of worry, nervousness, or unease about something with an uncertain outcome. Anxiety can be a signal to prepare or take action.","Cảm giác lo lắng, bồn chồn hoặc bất an về điều gì đó có kết quả không chắc chắn. Lo âu có thể là tín hiệu để chuẩn bị hoặc hành động.",""
"emotions.fear-3-anxious.question","What general threats or big uncertainties are present? What do you need to prepare for or protect against?","Những mối đe dọa chung hoặc sự không chắc chắn lớn nào đang hiện diện? Bạn cần chuẩn bị hoặc bảo vệ trước điều gì?",""
"emotions.fear-3-anxious.overloadRisk","If you over-use this feeling, you may ruminate, catastrophize, or create imagined problems that drain your energy.","Nếu bạn sử dụng cảm giác này quá mức, bạn có thể nghiền ngẫm, thổi phồng mọi chuyện, hoặc tạo ra những vấn đề tưởng tượng làm cạn kiệt năng lượng của bạn.",""
"emotions.fear-3-anxious.overloadTip","To balance, sort your worries into 'things I can influence' and 'things I cannot,' then choose one small step on something you can influence.","Để cân bằng, hãy phân loại những lo lắng thành 'những điều tôi có thể ảnh hưởng' và 'những điều tôi không thể,' sau đó chọn một bước nhỏ cho điều bạn có thể ảnh hưởng.",""
"emotions.fear-3-anxious.adaptivePurpose","Signals that you are scanning for long-term threats or uncertainties that may need planning or protection.","Báo hiệu rằng bạn đang quét tìm những mối đe dọa hoặc sự không chắc chắn dài hạn có thể cần được lên kế hoạch hoặc bảo vệ.",""
"emotions.fear-3-anxious.relatedFeelings","Dread | Worry | Tense","Kinh Hoàng | Lo Lắng | Căng Thẳng","Pipe-separated list"
"emotions.fear-3-anxious.borderInfo","Anxious is Fear spread across time—worry about future threats. It sits between Scared (immediate fear) and Insecure (fear about self).","Lo Âu là Sợ Hãi trải dài theo thời gian—nỗi lo về những mối đe dọa trong tương lai. Nó nằm giữa Hoảng Sợ (sợ hãi ngay lập tức) và Thiếu Tự Tin (sợ hãi về bản thân).",""
"emotions.fear-3-anxious.story","The presentation wasn't for another week, but Lisa couldn't stop thinking about it. What if the projector failed? What if the CEO asked a question she couldn't answer? What if her voice shook? She lay awake at 3 AM, her mind spinning through worst-case scenarios, each worry branching into three more. She knew this spiral wasn't helpful, but couldn't seem to stop it.","Bài thuyết trình còn một tuần nữa, nhưng Lisa không thể ngừng nghĩ về nó. Nếu máy chiếu hỏng thì sao? Nếu CEO đặt câu hỏi mà cô không trả lời được thì sao? Nếu giọng cô run thì sao? Cô nằm thức đến 3 giờ sáng, tâm trí xoay quanh những tình huống xấu nhất, mỗi nỗi lo lại rẽ ra thêm ba nỗi lo khác. Cô biết vòng xoáy này không hữu ích, nhưng dường như không thể dừng lại được.",""
"emotions.fear-4-insecure.name","Insecure","Thiếu Tự Tin",""
"emotions.fear-4-insecure.category","Fear","Sợ Hãi","Value MUST match getCategoryColor()/getCategoryClass() in script.js"
"emotions.fear-4-insecure.description","A lack of confidence or certainty about yourself or your place in a situation. Insecurity often stems from self-doubt or fear of rejection.","Sự thiếu tự tin hoặc chắc chắn về bản thân hay vị trí của bạn trong một tình huống. Thiếu tự tin thường xuất phát từ sự nghi ngờ bản thân hoặc sợ bị từ chối.",""
"emotions.fear-4-insecure.question","What makes you doubt yourself? What do you fear others might think or see?","Điều gì khiến bạn nghi ngờ bản thân? Bạn sợ người khác có thể nghĩ hoặc thấy điều gì?",""
"emotions.fear-4-insecure.overloadRisk","If you over-use this feeling, you may constantly seek validation, people-please, or hold back your contributions.","Nếu bạn sử dụng cảm giác này quá mức, bạn có thể liên tục tìm kiếm sự xác nhận, làm hài lòng người khác, hoặc giữ lại những đóng góp của mình.",""
"emotions.fear-4-insecure.overloadTip","To balance, remember concrete evidence of your strengths and seek grounded feedback from someone you trust, not just imagined criticism.","Để cân bằng, hãy nhớ lại bằng chứng cụ thể về điểm mạnh của bạn và tìm kiếm phản hồi thực tế từ người bạn tin tưởng, không phải từ những chỉ trích tưởng tượng.",""
"emotions.fear-4-insecure.adaptivePurpose","Signals that your sense of worth, competence, or acceptance feels shaky and you may need reassurance, learning, or boundaries.","Báo hiệu rằng cảm giác về giá trị, năng lực hoặc sự chấp nhận của bạn đang lung lay và bạn có thể cần sự đảm bảo, học hỏi hoặc ranh giới.",""
"emotions.fear-4-insecure.relatedFeelings","Rejected | Inadequate | Uncertain","Bị Từ Chối | Không Đủ Năng Lực | Không Chắc Chắn","Pipe-separated list"
"emotions.fear-4-insecure.borderInfo","Insecure is near Surprise because it involves unexpected threats to self-worth.","Thiếu Tự Tin gần với Ngạc Nhiên vì nó liên quan đến những mối đe dọa bất ngờ đối với lòng tự trọng.",""
"emotions.fear-4-insecure.story","Everyone at the dinner party seemed to know each other from business school. They traded references to professors and inside jokes while Marcus smiled and nodded, feeling increasingly invisible. ""What do you do?"" someone finally asked him, and suddenly his job—which he'd been proud of that morning—seemed inadequate. Who was he to be here among these people?","Tất cả mọi người tại bữa tiệc tối dường như quen biết nhau từ trường kinh doanh. Họ trao đổi những tham chiếu đến giáo sư và những câu chuyện nội bộ trong khi Marcus mỉm cười và gật đầu, cảm thấy ngày càng vô hình. ""Bạn làm gì?"" ai đó cuối cùng hỏi anh, và đột nhiên công việc của anh—thứ mà sáng nay anh vẫn tự hào—dường như không đủ. Anh là ai mà có mặt ở đây giữa những người này?",""
"emotions.surprise-1-startled.name","Startled","Giật Mình",""
"emotions.surprise-1-startled.category","Surprise","Ngạc Nhiên","Value MUST match getCategoryColor()/getCategoryClass() in script.js"
"emotions.surprise-1-startled.description","A sudden feeling of shock or alarm caused by something unexpected. Being startled is an immediate, automatic response to surprise.","Cảm giác sốc hoặc báo động đột ngột do điều gì đó bất ngờ gây ra. Giật mình là phản ứng ngay lập tức và tự động trước sự ngạc nhiên.",""
"emotions.surprise-1-startled.question","What sudden change or signal needs your attention right now?","Sự thay đổi đột ngột hay tín hiệu nào cần sự chú ý của bạn ngay bây giờ?",""
"emotions.surprise-1-startled.overloadRisk","If you over-use this feeling, you may remain jumpy or hyper-alert, treating everything as an emergency.","Nếu bạn sử dụng cảm giác này quá mức, bạn có thể tiếp tục ở trạng thái căng thẳng hoặc cảnh giác cao, xem mọi thứ như một trường hợp khẩn cấp.",""
"emotions.surprise-1-startled.overloadTip","To balance, pause to look, breathe, and check what is actually happening now versus what you feared might be happening.","Để cân bằng, hãy dừng lại để nhìn, thở và kiểm tra những gì đang thực sự xảy ra bây giờ so với những gì bạn sợ có thể xảy ra.",""
"emotions.surprise-1-startled.adaptivePurpose","Signals that something unexpected just happened and your attention needs to orient quickly.","Báo hiệu rằng điều gì đó bất ngờ vừa xảy ra và sự chú ý của bạn cần định hướng nhanh chóng.",""
"emotions.surprise-1-startled.relatedFeelings","Appalled | Shocked | Stunned","Kinh Ngạc | Sốc | Choáng Ngợp","Pipe-separated list"
"emotions.surprise-1-startled.borderInfo","Startled is near Fear because it involves a sudden sense of threat or danger.","Giật Mình gần với Sợ Hãi vì nó liên quan đến cảm giác đột ngột về mối đe dọa hoặc nguy hiểm.",""
"emotions.surprise-1-startled.story","Walking home through the quiet park, headphones in, Priya was lost in a podcast when something burst from the bushes beside her. She jumped back, heart racing, hands up defensively—only to watch a squirrel scamper across the path. She laughed shakily, feeling foolish, but her pulse took several minutes to return to normal.","Đang đi bộ về nhà qua công viên yên tĩnh, tai nghe nhạc, Priya đang chìm đắm trong một podcast khi có thứ gì đó vụt ra từ bụi cây bên cô. Cô nhảy lùi, tim đập nhanh, tay giơ lên phòng thủ—chỉ để nhìn thấy một con sóc chạy ngang đường. Cô cười run run, cảm thấy ngớ ngẩn, nhưng nhịp tim phải mất vài phút mới trở lại bình thường.",""
"emotions.surprise-2-confused.name","Confused","Bối Rối",""
"emotions.surprise-2-confused.category","Surprise","Ngạc Nhiên","Value MUST match getCategoryColor()/getCategoryClass() in script.js"
"emotions.surprise-2-confused.description","A state of being bewildered or unclear about something. Confusion occurs when information doesn't match your expectations or understanding.","Trạng thái bị bối rối hoặc không rõ ràng về điều gì đó. Sự bối rối xảy ra khi thông tin không khớp với kỳ vọng hoặc hiểu biết của bạn.",""
"emotions.surprise-2-confused.question","What information is missing or unclear? What would help you make sense of this?","Thông tin nào đang bị thiếu hoặc không rõ ràng? Điều gì sẽ giúp bạn hiểu được điều này?",""
"emotions.surprise-2-confused.overloadRisk","If you over-use this feeling, you may get stuck in doubt, delay decisions, or question everything about yourself and others.","Nếu bạn sử dụng cảm giác này quá mức, bạn có thể bị mắc kẹt trong sự nghi ngờ, trì hoãn các quyết định, hoặc đặt câu hỏi về tất cả mọi thứ.",""
"emotions.surprise-2-confused.overloadTip","To balance, turn confusion into a question: define one thing you want to understand and seek an answer, experiment, or conversation.","Để cân bằng, hãy biến sự bối rối thành một câu hỏi: xác định một điều bạn muốn hiểu và tìm kiếm câu trả lời, thử nghiệm hoặc cuộc trò chuyện.",""
"emotions.surprise-2-confused.adaptivePurpose","Signals that your current understanding does not fit the facts and you may need new information or perspective.","Báo hiệu rằng sự hiểu biết hiện tại của bạn không phù hợp với thực tế và bạn có thể cần thông tin hoặc góc nhìn mới.",""
"emotions.surprise-2-confused.relatedFeelings","Disillusioned | Perplexed | Bewildered","Vỡ Mộng | Bế Tắc | Mơ Hồ","Pipe-separated list"
"emotions.surprise-2-confused.borderInfo","Confused is Surprise meeting uncertainty—your mental map doesn't fit reality. It sits between Startled (physical surprise) and Amazed (positive surprise).","Bối Rối là Ngạc Nhiên gặp sự không chắc chắn—bản đồ tâm trí của bạn không phù hợp với thực tế. Nó nằm giữa Giật Mình (ngạc nhiên thể chất) và Kinh Ngạc (ngạc nhiên tích cực).",""
"emotions.surprise-2-confused.story","The email made no sense. After five years of stellar reviews, Daniel was being ""transitioned to a new role""—effective immediately. His boss wouldn't return calls. HR spoke in careful non-answers. He sat at his desk, reading the same sentences over and over, trying to fit the pieces together. What had happened? What had he missed?","Email không có ý nghĩa gì cả. Sau năm năm với những đánh giá xuất sắc, Daniel đang bị ""chuyển sang một vai trò mới""—có hiệu lực ngay lập tức. Sếp anh không trả lời điện thoại. HR nói bằng những câu trả lời cẩn thận không nói gì. Anh ngồi ở bàn làm việc, đọc đi đọc lại những câu giống nhau, cố gắng ghép các mảnh lại với nhau. Điều gì đã xảy ra? Anh đã bỏ lỡ điều gì?",""
"emotions.surprise-3-amazed.name","Amazed","Kinh Ngạc",""
"emotions.surprise-3-amazed.category","Surprise","Ngạc Nhiên","Value MUST match getCategoryColor()/getCategoryClass() in script.js"
"emotions.surprise-3-amazed.description","A feeling of great wonder and astonishment. Amazement is a positive form of surprise that fills you with awe.","Cảm giác kinh ngạc và sửng sốt lớn lao. Sự kinh ngạc là hình thức ngạc nhiên tích cực lấp đầy bạn bằng sự kính sợ.",""
"emotions.surprise-3-amazed.question","What exceeded your expectations? What possibility does this open?","Điều gì đã vượt quá kỳ vọng của bạn? Điều này mở ra khả năng nào?",""
"emotions.surprise-3-amazed.overloadRisk","If you over-use this feeling, you may idealize people or situations and miss real limits or risks.","Nếu bạn sử dụng cảm giác này quá mức, bạn có thể lý tưởng hóa con người hoặc tình huống và bỏ lỡ những giới hạn hoặc rủi ro thực tế.",""
"emotions.surprise-3-amazed.overloadTip","To balance, name what delights you and also one practical step or boundary that keeps you grounded while you explore this new possibility.","Để cân bằng, hãy nhận diện những gì làm bạn vui thích và cũng một bước thực tế hoặc ranh giới giữ bạn vững chắc trong khi khám phá khả năng mới này.",""
"emotions.surprise-3-amazed.adaptivePurpose","Signals that something is far better, bigger, or more beautiful than you expected and your sense of possibility is expanding.","Báo hiệu rằng điều gì đó tốt hơn, lớn hơn hoặc đẹp hơn nhiều so với bạn mong đợi và cảm giác về khả năng của bạn đang mở rộng.",""
"emotions.surprise-3-amazed.relatedFeelings","Astonished | Awed | Impressed","Sững Sờ | Kính Sợ | Ấn Tượng","Pipe-separated list"
"emotions.surprise-3-amazed.borderInfo","Amazed is the positive heart of Surprise—wonder at something exceeding expectations. It sits between Confused (neutral surprise) and Disappointed (negative surprise).","Kinh Ngạc là trái tim tích cực của Ngạc Nhiên—sự kỳ diệu trước điều vượt xa kỳ vọng. Nó nằm giữa Bối Rối (ngạc nhiên trung tính) và Thất Vọng (ngạc nhiên tiêu cực).",""
"emotions.surprise-3-amazed.story","Standing at the rim of the Grand Canyon for the first time, words failed her. Photographs hadn't prepared Jennifer for this—the impossible scale, the layers of color, the silence broken only by wind. She'd seen beautiful places before, but this was different. This made her feel small in a way that was somehow comforting, connected to something vast and ancient.","Đứng trên miệng Grand Canyon lần đầu tiên, ngôn ngữ không diễn đạt được cảm xúc của cô. Những bức ảnh không chuẩn bị cho Jennifer điều này—quy mô không thể tin được, những lớp màu sắc, sự im lặng chỉ bị phá vỡ bởi gió. Cô đã thấy những nơi đẹp trước đây, nhưng điều này khác. Điều này khiến cô cảm thấy nhỏ bé theo cách nào đó lại an ủi, kết nối với điều gì đó bao la và cổ xưa.",""
"emotions.surprise-4-disappointed.name","Disappointed","Thất Vọng",""
"emotions.surprise-4-disappointed.category","Surprise","Ngạc Nhiên","Value MUST match getCategoryColor()/getCategoryClass() in script.js"
"emotions.surprise-4-disappointed.description","A feeling of sadness or displeasure when expectations are not met. Disappointment signals a gap between what you hoped for and reality.","Cảm giác buồn bã hoặc không hài lòng khi kỳ vọng không được đáp ứng. Sự thất vọng báo hiệu khoảng cách giữa những gì bạn hy vọng và thực tế.",""
"emotions.surprise-4-disappointed.question","What expectation wasn't met? What matters to you about this outcome?","Kỳ vọng nào không được đáp ứng? Điều gì quan trọng với bạn về kết quả này?",""
"emotions.surprise-4-disappointed.overloadRisk","If you over-use this feeling, you may slide into cynicism, giving up on future efforts or relationships.","Nếu bạn sử dụng cảm giác này quá mức, bạn có thể trượt vào sự hoài nghi, từ bỏ những nỗ lực hoặc mối quan hệ trong tương lai.",""
"emotions.surprise-4-disappointed.overloadTip","To balance, name the expectation clearly, then decide whether to revise the goal, your strategy, or the timeline—and choose one next action.","Để cân bằng, hãy nhận diện kỳ vọng một cách rõ ràng, sau đó quyết định xem có nên sửa đổi mục tiêu, chiến lược hoặc dòng thời gian của bạn không—và chọn một hành động tiếp theo.",""
"emotions.surprise-4-disappointed.adaptivePurpose","Signals that reality did not match your hopes and something you cared about feels diminished or lost.","Báo hiệu rằng thực tế không khớp với hy vọng của bạn và điều gì đó bạn quan tâm cảm thấy bị giảm giá trị hoặc mất đi.",""
"emotions.surprise-4-disappointed.relatedFeelings","Betrayed | Dismayed | Let down","Bị Phản Bội | Chán Nản | Bị Bỏ Rơi","Pipe-separated list"
"emotions.surprise-4-disappointed.borderInfo","Disappointed is near Sadness because it involves loss of hope and unmet expectations.","Thất Vọng gần với Buồn Bã vì nó liên quan đến sự mất mát của hy vọng và những kỳ vọng không được đáp ứng.",""
"emotions.surprise-4-disappointed.story","""We've decided to go in a different direction."" The words hung in the air of the gallery. Chloe had spent eight months on this commission, pouring her vision into every brushstroke. The client had seemed so enthusiastic in their meetings. Now they wanted ""something more conventional."" She smiled professionally, shook hands, and waited until she reached her car to let the tears fall.","""Chúng tôi đã quyết định đi theo hướng khác."" Những từ ngữ lơ lửng trong không khí của phòng trưng bày. Chloe đã dành tám tháng cho hợp đồng này, đổ tầm nhìn của mình vào từng nét cọ. Khách hàng dường như rất nhiệt tình trong các cuộc họp của họ. Giờ họ muốn ""thứ gì đó thông thường hơn."" Cô mỉm cười chuyên nghiệp, bắt tay, và chờ đợi cho đến khi cô đến được xe của mình mới để nước mắt rơi.",""
"emotions.sad-1-hurt.name","Hurt","Bị Tổn Thương",""
"emotions.sad-1-hurt.category","Sadness","Buồn Bã","Value MUST match getCategoryColor()/getCategoryClass() in script.js"
"emotions.sad-1-hurt.description","Emotional pain caused by something or someone. Hurt feelings often arise from perceived rejection, criticism, or loss.","Nỗi đau cảm xúc do điều gì đó hoặc ai đó gây ra. Những cảm xúc bị tổn thương thường phát sinh từ sự từ chối, chỉ trích hoặc mất mát được cảm nhận.",""
"emotions.sad-1-hurt.question","What value or relationship was impacted? What healing or repair would help?","Giá trị hay mối quan hệ nào bị ảnh hưởng? Sự chữa lành hay sửa chữa nào sẽ giúp ích?",""
"emotions.sad-1-hurt.overloadRisk","If you over-use this feeling, you may hold onto grudges, assume bad intentions, or close yourself off from repair.","Nếu bạn sử dụng cảm giác này quá mức, bạn có thể giữ mãi oán giận, suy diễn những ý định xấu, hoặc đóng cửa với sự sửa chữa.",""
"emotions.sad-1-hurt.overloadTip","To balance, acknowledge the pain and why it matters, then consider whether and how you want to communicate it or seek healing support.","Để cân bằng, hãy thừa nhận nỗi đau và lý do tại sao nó quan trọng, sau đó xem xét có muốn và làm thế nào để truyền đạt hoặc tìm kiếm sự hỗ trợ chữa lành.",""
"emotions.sad-1-hurt.adaptivePurpose","Signals that something or someone important has wounded your sense of safety, worth, or connection.","Báo hiệu rằng điều gì đó hoặc ai đó quan trọng đã làm tổn thương cảm giác an toàn, giá trị hoặc sự kết nối của bạn.",""
"emotions.sad-1-hurt.relatedFeelings","Dismayed | Threatened | Wounded","Chán Nản | Bị Đe Dọa | Bị Thương","Pipe-separated list"
"emotions.sad-1-hurt.borderInfo","Hurt is near Surprise because it often comes from unexpected emotional wounds.","Bị Tổn Thương gần với Ngạc Nhiên vì nó thường đến từ những vết thương cảm xúc bất ngờ.",""
"emotions.sad-1-hurt.story","""I just don't think you're leadership material."" The words from his mentor—someone he'd trusted for years—landed like a punch. Robert had shared his dreams of running his own department someday, made himself vulnerable. Now that vulnerability felt like a mistake. The criticism might have been constructive, but wrapped in that dismissive phrase, it just felt like betrayal.","""Tôi chỉ không nghĩ bạn có chất lãnh đạo."" Những từ ngữ từ người cố vấn của anh—người mà anh đã tin tưởng trong nhiều năm—đổ xuống như một cú đấm. Robert đã chia sẻ những giấc mơ về việc điều hành bộ phận của riêng mình một ngày nào đó, đã tự để mình dễ bị tổn thương. Giờ sự dễ bị tổn thương đó cảm thấy như một sai lầm. Lời chỉ trích có thể mang tính xây dựng, nhưng được bọc trong cụm từ khinh thường đó, nó chỉ cảm thấy như sự phản bội.",""
"emotions.sad-2-depressed.name","Depressed","Trầm Uất",""
"emotions.sad-2-depressed.category","Sadness","Buồn Bã","Value MUST match getCategoryColor()/getCategoryClass() in script.js"
"emotions.sad-2-depressed.description","A state of deep sadness and low energy. Depression can make everything feel heavy and difficult to manage.","Trạng thái buồn bã sâu sắc và năng lượng thấp. Sự trầm uất có thể khiến mọi thứ cảm thấy nặng nề và khó quản lý.",""
"emotions.sad-2-depressed.question","What feels depleted or hopeless? What small source of care, support, or meaning can you reconnect with?","Điều gì cảm thấy kiệt sức hoặc vô vọng? Nguồn chăm sóc, hỗ trợ hoặc ý nghĩa nhỏ nào bạn có thể kết nối lại?",""
"emotions.sad-2-depressed.overloadRisk","If you over-use this feeling, you may stop seeing any possibility, withdraw completely, or neglect basic self-care.","Nếu bạn sử dụng cảm giác này quá mức, bạn có thể ngừng nhìn thấy bất kỳ khả năng nào, rút lui hoàn toàn, hoặc bỏ bê việc chăm sóc bản thân cơ bản.",""
"emotions.sad-2-depressed.overloadTip","To balance, choose one tiny, compassionate action—such as reaching out, moving your body, or doing one simple task—that adds a bit of structure or support.","Để cân bằng, hãy chọn một hành động nhỏ, đầy lòng trắc ẩn—chẳng hạn như tiếp cận, vận động cơ thể, hoặc làm một nhiệm vụ đơn giản—thêm một chút cấu trúc hoặc hỗ trợ.",""
"emotions.sad-2-depressed.adaptivePurpose","Signals that your energy, motivation, or sense of meaning has dropped and you may need rest, support, or reorientation.","Báo hiệu rằng năng lượng, động lực hoặc cảm giác về ý nghĩa của bạn đã giảm xuống và bạn có thể cần nghỉ ngơi, hỗ trợ hoặc tái định hướng.",""
"emotions.sad-2-depressed.relatedFeelings","Bereft | Numb | Empty","Mất Mát | Tê Liệt | Trống Rỗng","Pipe-separated list"
"emotions.sad-2-depressed.borderInfo","Depressed is deep Sadness—energy and hope depleted. It sits between Hurt (acute pain) and Lonely (disconnection from others).","Trầm Uất là Buồn Bã sâu sắc—năng lượng và hy vọng cạn kiệt. Nó nằm giữa Bị Tổn Thương (nỗi đau cấp tính) và Cô Đơn (sự xa cách với người khác).",""
"emotions.sad-2-depressed.story","Getting out of bed had become the hardest part. Emma would lie there, knowing she had things to do, people counting on her, and feel nothing—just a heavy emptiness that made even showering feel like climbing a mountain. Colors seemed muted. Food had no taste. She went through the motions of her life while feeling like she was watching it from far away.","Việc ra khỏi giường đã trở thành phần khó khăn nhất. Emma sẽ nằm đó, biết mình có việc phải làm, có người đang trông cậy vào cô, và không cảm thấy gì—chỉ là một sự trống rỗng nặng nề khiến ngay cả việc tắm cũng cảm thấy như leo núi. Màu sắc có vẻ mờ nhạt hơn. Thức ăn không có vị gì. Cô thực hiện những động tác của cuộc sống trong khi cảm thấy như đang xem nó từ xa.",""
"emotions.sad-3-lonely.name","Lonely","Cô Đơn",""
"emotions.sad-3-lonely.category","Sadness","Buồn Bã","Value MUST match getCategoryColor()/getCategoryClass() in script.js"
"emotions.sad-3-lonely.description","A painful feeling of isolation or disconnection from others. Loneliness highlights our need for meaningful connection.","Cảm giác đau đớn về sự cô lập hoặc xa cách với người khác. Sự cô đơn làm nổi bật nhu cầu kết nối có ý nghĩa của chúng ta.",""
"emotions.sad-3-lonely.question","What connection do you need right now? Who could help you feel more seen or supported?","Bạn cần sự kết nối nào ngay bây giờ? Ai có thể giúp bạn cảm thấy được nhìn nhận hoặc được hỗ trợ hơn?",""
"emotions.sad-3-lonely.overloadRisk","If you over-use this feeling, you may believe you are fundamentally alone or unlovable and pull back even more.","Nếu bạn sử dụng cảm giác này quá mức, bạn có thể tin rằng bạn về cơ bản là một mình hoặc không thể được yêu và rút lui thêm nữa.",""
"emotions.sad-3-lonely.overloadTip","To balance, identify one small, safe way to reach toward connection—a message, a call, a shared space, or naming your need to someone you trust.","Để cân bằng, hãy xác định một cách nhỏ, an toàn để tiếp cận sự kết nối—một tin nhắn, một cuộc gọi, một không gian chung, hoặc đặt tên nhu cầu của bạn với người bạn tin tưởng.",""
"emotions.sad-3-lonely.adaptivePurpose","Signals that your need for connection, belonging, or being seen is not being met.","Báo hiệu rằng nhu cầu kết nối, thuộc về hoặc được nhìn nhận của bạn không được đáp ứng.",""
"emotions.sad-3-lonely.relatedFeelings","Abandoned | Isolated | Disconnected","Bị Bỏ Rơi | Bị Cô Lập | Mất Kết Nối","Pipe-separated list"
"emotions.sad-3-lonely.borderInfo","Lonely is Sadness about connection—the pain of feeling unseen or apart. It sits between Depressed (inner emptiness) and Ashamed (self-judgment).","Cô Đơn là Buồn Bã về sự kết nối—nỗi đau của việc không được nhìn nhận hoặc bị cách biệt. Nó nằm giữa Trầm Uất (trống rỗng nội tâm) và Xấu Hổ (tự phán xét bản thân).",""
"emotions.sad-3-lonely.story","The apartment was full of boxes from the move. New city, new job, fresh start—everything she'd wanted. But sitting on her bare mattress that first night, phone full of contacts yet no one to call, Yuki felt the weight of her aloneness. She could hear her neighbors through the walls, living their lives, and the sounds only made the silence in her own space louder.","Căn hộ đầy những thùng từ lần chuyển nhà. Thành phố mới, công việc mới, khởi đầu mới—mọi thứ cô muốn. Nhưng ngồi trên chiếc nệm trần của mình đêm đầu tiên, điện thoại đầy danh bạ nhưng không có ai để gọi, Yuki cảm thấy sức nặng của sự cô đơn. Cô có thể nghe thấy hàng xóm qua các bức tường, đang sống cuộc sống của họ, và những âm thanh đó chỉ khiến sự im lặng trong không gian của cô trở nên to hơn.",""
"emotions.sad-4-ashamed.name","Ashamed","Xấu Hổ",""
"emotions.sad-4-ashamed.category","Sadness","Buồn Bã","Value MUST match getCategoryColor()/getCategoryClass() in script.js"
"emotions.sad-4-ashamed.description","A painful feeling of humiliation or distress caused by believing you've done something wrong or embarrassing. Shame affects how you see yourself.","Cảm giác đau đớn về sự nhục nhã hoặc đau khổ do tin rằng bạn đã làm điều gì đó sai hoặc đáng xấu hổ. Xấu hổ ảnh hưởng đến cách bạn nhìn nhận bản thân.",""
"emotions.sad-4-ashamed.question","What standard are you holding yourself to? What self-compassion or repair would support growth?","Bạn đang giữ bản thân theo tiêu chuẩn nào? Sự tự thông cảm hoặc sửa chữa nào sẽ hỗ trợ sự tăng trưởng?",""
"emotions.sad-4-ashamed.overloadRisk","If you over-use this feeling, you may turn a specific mistake into a belief that you are bad or unworthy and hide your true self.","Nếu bạn sử dụng cảm giác này quá mức, bạn có thể biến một sai lầm cụ thể thành niềm tin rằng bạn tệ hoặc không xứng đáng và ẩn giấu bản thân thật.",""
"emotions.sad-4-ashamed.overloadTip","To balance, separate 'I did something' from 'I am something,' and choose one step of learning, repair, or apology that aligns with your values.","Để cân bằng, hãy phân biệt 'tôi đã làm điều gì đó' với 'tôi là điều gì đó,' và chọn một bước học hỏi, sửa chữa hoặc xin lỗi phù hợp với giá trị của bạn.",""
"emotions.sad-4-ashamed.adaptivePurpose","Signals that your behavior or choices may not match your values and invites reflection, repair, and growth.","Báo hiệu rằng hành vi hoặc lựa chọn của bạn có thể không phù hợp với giá trị của bạn và mời suy ngẫm, sửa chữa và tăng trưởng.",""
"emotions.sad-4-ashamed.relatedFeelings","Remorseful | Guilty | Embarrassed","Hối Hận | Tội Lỗi | Ngượng Ngùng","Pipe-separated list"
"emotions.sad-4-ashamed.borderInfo","Ashamed is near Disgust because it involves negative judgment of oneself.","Xấu Hổ gần với Ghê Tởm vì nó liên quan đến sự phán xét tiêu cực về bản thân.",""
"emotions.sad-4-ashamed.story","It was just a shortcut, he'd told himself. A few copied paragraphs in a paper no one would read closely anyway. But when the professor called him into her office, evidence spread across her desk, Michael couldn't meet her eyes. The disappointment in her voice was worse than anger would have been. He'd betrayed not just academic rules, but his own sense of who he was.","Chỉ là một lối tắt, anh đã tự nhủ. Một vài đoạn văn được sao chép trong một bài báo mà không ai đọc kỹ. Nhưng khi giáo sư gọi anh vào văn phòng, bằng chứng trải rộng trên bàn làm việc của cô, Michael không thể nhìn vào mắt cô. Sự thất vọng trong giọng nói của cô tệ hơn sự tức giận. Anh đã phản bội không chỉ các quy tắc học thuật, mà còn cả cảm giác của anh về chính mình.",""
"emotions.disgust-1-dislike.name","Dislike","Không Thích",""
"emotions.disgust-1-dislike.category","Disgust","Ghê Tởm","Value MUST match getCategoryColor()/getCategoryClass() in script.js"
"emotions.disgust-1-dislike.description","A feeling of aversion or disapproval toward something or someone. Dislike helps you identify what doesn't align with your values.","Cảm giác ghét bỏ hoặc không chấp nhận đối với điều gì đó hoặc ai đó. Sự không thích giúp bạn xác định những gì không phù hợp với giá trị của bạn.",""
"emotions.disgust-1-dislike.question","What feels misaligned with your values or preferences? What boundary or choice does this reveal?","Điều gì cảm thấy không phù hợp với giá trị hoặc sở thích của bạn? Ranh giới hay lựa chọn nào điều này tiết lộ?",""
"emotions.disgust-1-dislike.overloadRisk","If you over-use this feeling, you may slide into harsh judgment, bias, or rejection of people or ideas too quickly.","Nếu bạn sử dụng cảm giác này quá mức, bạn có thể trượt vào sự phán xét khắc nghiệt, định kiến, hoặc từ chối con người hay ý tưởng quá nhanh.",""
"emotions.disgust-1-dislike.overloadTip","To balance, name specifically what you dislike—behavior, style, or impact—without condemning the whole person or situation, and decide what boundary is actually needed.","Để cân bằng, hãy đặt tên cụ thể những gì bạn không thích—hành vi, phong cách hoặc tác động—mà không lên án toàn bộ con người hay tình huống, và quyết định ranh giới nào thực sự cần thiết.",""
"emotions.disgust-1-dislike.adaptivePurpose","Signals that something does not fit your tastes, needs, or values and you may want distance or a different choice.","Báo hiệu rằng điều gì đó không phù hợp với sở thích, nhu cầu hoặc giá trị của bạn và bạn có thể muốn giữ khoảng cách hoặc lựa chọn khác.",""
"emotions.disgust-1-dislike.relatedFeelings","Revolted | Withdrawn | Repulsed","Kinh Tởm | Xa Lánh | Ghét Bỏ","Pipe-separated list"
"emotions.disgust-1-dislike.borderInfo","Dislike is near Sadness because it involves emotional withdrawal and rejection.","Không Thích gần với Buồn Bã vì nó liên quan đến sự rút lui cảm xúc và từ chối.",""
"emotions.disgust-1-dislike.story","Every comment in the meeting, every ""well, actually,"" every interruption—Grace felt her jaw tighten a little more. She couldn't point to anything overtly offensive about her new colleague, but something about his manner set her teeth on edge. By the meeting's end, she knew she'd need to find ways to limit their interactions if she wanted to stay professional.","Mỗi bình luận trong cuộc họp, mỗi câu 'thực ra thì,' mỗi lần ngắt lời—Grace cảm thấy hàm cô siết chặt hơn một chút. Cô không thể chỉ ra điều gì đặc biệt xúc phạm trong người đồng nghiệp mới, nhưng có điều gì đó trong cách cư xử của anh ta khiến cô khó chịu. Đến cuối cuộc họp, cô biết mình sẽ cần tìm cách hạn chế các tương tác của họ nếu cô muốn duy trì sự chuyên nghiệp.",""
"emotions.disgust-2-avoidance.name","Avoidance","Né Tránh",""
"emotions.disgust-2-avoidance.category","Disgust","Ghê Tởm","Value MUST match getCategoryColor()/getCategoryClass() in script.js"
"emotions.disgust-2-avoidance.description","A tendency to stay away from something unpleasant or uncomfortable. Avoidance is a protective response to things that feel threatening.","Xu hướng tránh xa điều gì đó khó chịu hoặc không thoải mái. Sự né tránh là phản ứng bảo vệ đối với những điều cảm thấy đe dọa.",""
"emotions.disgust-2-avoidance.question","What feels unsafe, overwhelming, or draining? How can you approach it with more support or clarity?","Điều gì cảm thấy không an toàn, quá sức chịu đựng hoặc làm cạn kiệt năng lượng? Làm thế nào bạn có thể tiếp cận với nhiều hỗ trợ hoặc sự rõ ràng hơn?",""
"emotions.disgust-2-avoidance.overloadRisk","If you over-use this feeling, you may delay important actions, stay stuck, or let problems quietly grow.","Nếu bạn sử dụng cảm giác này quá mức, bạn có thể trì hoãn những hành động quan trọng, bị mắc kẹt, hoặc để các vấn đề âm thầm lớn dần.",""
"emotions.disgust-2-avoidance.overloadTip","To balance, break the avoided task or situation into one very small step and consider what support, information, or boundary would make it more manageable.","Để cân bằng, hãy chia nhỏ nhiệm vụ hoặc tình huống bị né tránh thành một bước rất nhỏ và xem xét sự hỗ trợ, thông tin hoặc ranh giới nào sẽ giúp nó dễ quản lý hơn.",""
"emotions.disgust-2-avoidance.adaptivePurpose","Signals that something seems too threatening, overwhelming, or unpleasant to face with your current resources.","Báo hiệu rằng điều gì đó có vẻ quá đe dọa, quá sức chịu đựng hoặc khó chịu để đối mặt với nguồn lực hiện tại của bạn.",""
"emotions.disgust-2-avoidance.relatedFeelings","Hesitant | Averse | Reluctant","Do Dự | Ngại Ngùng | Miễn Cưỡng","Pipe-separated list"
"emotions.disgust-2-avoidance.borderInfo","Avoidance is Disgust in action—the impulse to create distance. It sits between Dislike (the judgment) and Awful (intense disgust).","Né Tránh là Ghê Tởm trong hành động—sự thôi thúc tạo ra khoảng cách. Nó nằm giữa Không Thích (sự phán xét) và Kinh Khủng (ghê tởm mãnh liệt).",""
"emotions.disgust-2-avoidance.story","The pile of mail on the counter had grown into a small mountain. Bills, probably. Maybe something from the IRS. Omar walked past it every day, made coffee inches away from it, and somehow never quite managed to open any of it. He knew this was making things worse. He also knew he wasn't going to deal with it today. Probably not tomorrow either.","Đống thư trên quầy bếp đã chất thành một núi nhỏ. Hóa đơn, có lẽ vậy. Có thể có gì đó từ cơ quan thuế. Omar đi ngang qua nó mỗi ngày, pha cà phê cách nó vài phân, và bằng cách nào đó không bao giờ thực sự mở bất kỳ cái nào. Anh biết điều này đang làm mọi thứ tệ hơn. Anh cũng biết mình sẽ không xử lý nó hôm nay. Có lẽ ngày mai cũng không.",""
"emotions.disgust-3-aweful.name","Awful","Kinh Khủng",""
"emotions.disgust-3-aweful.category","Disgust","Ghê Tởm","Value MUST match getCategoryColor()/getCategoryClass() in script.js"
"emotions.disgust-3-aweful.description","A strong negative feeling about something very unpleasant or disagreeable. Feeling awful signals that something is deeply wrong or distressing.","Cảm giác tiêu cực mạnh mẽ về điều gì đó rất khó chịu hoặc không vừa lòng. Cảm giác kinh khủng báo hiệu rằng có điều gì đó sai sâu sắc hoặc gây đau khổ.",""
"emotions.disgust-3-aweful.question","What feels harmful or unacceptable? What standard or value is signaling a need for change?","Điều gì cảm thấy gây hại hoặc không thể chấp nhận được? Tiêu chuẩn hay giá trị nào đang báo hiệu cần thay đổi?",""
"emotions.disgust-3-aweful.overloadRisk","If you over-use this feeling, you may catastrophize, feel hopeless about change, or respond with only outrage instead of strategy.","Nếu bạn sử dụng cảm giác này quá mức, bạn có thể thổi phồng mọi chuyện, cảm thấy vô vọng về sự thay đổi, hoặc chỉ phản ứng bằng sự phẫn nộ thay vì chiến lược.",""
"emotions.disgust-3-aweful.overloadTip","To balance, clarify what exactly is harmful, then choose one realistic action—personal, relational, or systemic—that moves even slightly toward repair.","Để cân bằng, hãy làm rõ chính xác điều gì gây hại, sau đó chọn một hành động thực tế—cá nhân, quan hệ, hoặc hệ thống—dù chỉ di chuyển một chút về phía sự sửa chữa.",""
"emotions.disgust-3-aweful.adaptivePurpose","Signals that something feels deeply wrong, harmful, or out of integrity with your core values.","Báo hiệu rằng điều gì đó cảm thấy sai sâu sắc, gây hại, hoặc không nguyên vẹn với các giá trị cốt lõi của bạn.",""
"emotions.disgust-3-aweful.relatedFeelings","Repelled | Detested | Horrible","Ghê Tởm | Kinh Tởm | Khủng Khiếp","Pipe-separated list"
"emotions.disgust-3-aweful.borderInfo","Awful is the intense center of Disgust—a visceral rejection of something harmful. It sits between Avoidance (behavioral response) and Disapproval (moral judgment).","Kinh Khủng là trung tâm mãnh liệt của Ghê Tởm—sự từ chối nội tâm mạnh mẽ với điều gây hại. Nó nằm giữa Né Tránh (phản ứng hành vi) và Không Tán Thành (phán xét đạo đức).",""
"emotions.disgust-3-aweful.story","The documentary showed footage from the factory farms—animals in conditions she couldn't unsee. Natalie had known, intellectually, where her food came from. But knowing and seeing were different things. She closed her laptop, stomach churning, feeling implicated in something she'd never really let herself think about before.","Bộ phim tài liệu cho thấy cảnh từ các trang trại chăn nuôi công nghiệp—những con vật trong điều kiện mà cô không thể xóa khỏi mắt mình. Natalie đã biết, về mặt trí tuệ, thức ăn của mình đến từ đâu. Nhưng biết và thấy là hai điều khác nhau. Cô đóng máy tính xách tay, bụng quặn thắt, cảm thấy mình bị liên can vào điều gì đó mà cô chưa bao giờ thực sự để bản thân nghĩ đến trước đây.",""
"emotions.disgust-4-disapproval.name","Disapproval","Không Tán Thành",""
"emotions.disgust-4-disapproval.category","Disgust","Ghê Tởm","Value MUST match getCategoryColor()/getCategoryClass() in script.js"
"emotions.disgust-4-disapproval.description","A negative judgment or opinion about someone or something. Disapproval reflects a conflict between your values and what you observe.","Sự phán xét tiêu cực hoặc ý kiến về ai đó hoặc điều gì đó. Sự không tán thành phản ánh xung đột giữa giá trị của bạn và những gì bạn quan sát.",""
"emotions.disgust-4-disapproval.question","What expectation wasn't met? What value is prompting this reaction, and what change do you hope for?","Kỳ vọng nào không được đáp ứng? Giá trị nào đang thúc đẩy phản ứng này, và bạn hy vọng thay đổi gì?",""
"emotions.disgust-4-disapproval.overloadRisk","If you over-use this feeling, you may become rigid, overly critical, or alienating to others.","Nếu bạn sử dụng cảm giác này quá mức, bạn có thể trở nên cứng nhắc, quá chỉ trích, hoặc xa lánh người khác.",""
"emotions.disgust-4-disapproval.overloadTip","To balance, connect to the value underneath your disapproval and express it in a way that invites dialogue and improvement, not shame.","Để cân bằng, hãy kết nối với giá trị ẩn dưới sự không tán thành của bạn và bày tỏ nó theo cách mời đối thoại và cải thiện, không phải xấu hổ.",""
"emotions.disgust-4-disapproval.adaptivePurpose","Signals that a behavior or outcome does not meet your standards or values and that you care about doing better.","Báo hiệu rằng một hành vi hoặc kết quả không đáp ứng tiêu chuẩn hoặc giá trị của bạn và bạn quan tâm đến việc làm tốt hơn.",""
"emotions.disgust-4-disapproval.relatedFeelings","Loathing | Judgmental | Critical","Căm Ghét | Phán Xét | Chỉ Trích","Pipe-separated list"
"emotions.disgust-4-disapproval.borderInfo","Disapproval is near Anger because it involves critical evaluation and potential confrontation.","Không Tán Thành gần với Tức Giận vì nó liên quan đến sự đánh giá phê phán và khả năng đối đầu.",""
"emotions.disgust-4-disapproval.story","Watching his son scroll through his phone during their grandmother's birthday speech, Richard felt his expression harden. The old woman was sharing memories of her late husband, her voice cracking with emotion, and Tyler couldn't be bothered to look up for five minutes. Richard caught his son's eye and gave a slow shake of his head. Some things shouldn't need to be explained.","Nhìn con trai lướt điện thoại trong khi bài phát biểu sinh nhật của bà nội diễn ra, Richard cảm thấy nét mặt mình cứng lại. Người phụ nữ già đang chia sẻ những ký ức về người chồng đã khuất, giọng nói nứt ra vì xúc động, và Tyler không buồn nhìn lên trong năm phút. Richard bắt gặp mắt con trai và lắc đầu chậm rãi. Có những điều không cần phải giải thích.",""
"emotions.anger-1-aggressive.name","Aggressive","Hung Hăng",""
"emotions.anger-1-aggressive.category","Anger","Tức Giận","Value MUST match getCategoryColor()/getCategoryClass() in script.js"
"emotions.anger-1-aggressive.description","A forceful and confrontational expression of anger. Aggression is often a response to feeling threatened or frustrated.","Cách bày tỏ tức giận mạnh mẽ và đối đầu. Sự hung hăng thường là phản ứng khi cảm thấy bị đe dọa hoặc thất vọng.",""
"emotions.anger-1-aggressive.question","What boundary needs to be protected? What matters enough that you feel compelled to act?","Ranh giới nào cần được bảo vệ? Điều gì quan trọng đến mức bạn cảm thấy bắt buộc phải hành động?",""
"emotions.anger-1-aggressive.overloadRisk","If you over-use this feeling, you may lash out in ways that harm others, escalate conflict, or undermine your own goals.","Nếu bạn sử dụng cảm giác này quá mức, bạn có thể bùng phát theo cách làm hại người khác, leo thang xung đột, hoặc phá hoại mục tiêu của chính bạn.",""
"emotions.anger-1-aggressive.overloadTip","To balance, pause before acting, use the energy to choose clear and firm words or actions, and focus on the outcome you truly want.","Để cân bằng, hãy dừng lại trước khi hành động, dùng năng lượng này để chọn những từ ngữ hay hành động rõ ràng và kiên quyết, và tập trung vào kết quả bạn thực sự muốn.",""
"emotions.anger-1-aggressive.adaptivePurpose","Signals that you perceive a serious threat, injustice, or violation and feel a strong drive to defend or protect.","Báo hiệu rằng bạn nhận ra một mối đe dọa, bất công hoặc vi phạm nghiêm trọng và cảm thấy một sức mạnh mạnh mẽ để bảo vệ.",""
"emotions.anger-1-aggressive.relatedFeelings","Hostile | Provoked | Combative","Thù Địch | Bị Khiêu Khích | Hiếu Chiến","Pipe-separated list"
"emotions.anger-1-aggressive.borderInfo","Aggressive is near Disgust because it involves rejecting or pushing away what's unacceptable.","Hung Hăng gần với Ghê Tởm vì nó liên quan đến việc từ chối hoặc đẩy đi những gì không thể chấp nhận.",""
"emotions.anger-1-aggressive.story","""Say that again."" Victor's voice was low, dangerous. The man at the bar had made a comment about his wife—loud enough to be heard, quiet enough to deny. Victor felt his hands curl into fists, felt the familiar heat rising in his chest. Every instinct screamed at him to make this guy regret opening his mouth. His wife's hand on his arm was the only thing holding him back.","""Nói lại đi."" Giọng Victor trầm xuống, nguy hiểm. Người đàn ông ở quán bar đã nói điều gì đó về vợ anh—đủ to để nghe thấy, đủ nhỏ để phủ nhận. Victor cảm thấy tay mình siết chặt thành nắm đấm, cảm thấy sức nóng quen thuộc dâng lên trong ngực. Mọi bản năng thét vào anh phải làm cho tên này hối hận vì đã mở miệng. Bàn tay vợ anh trên cánh tay anh là điều duy nhất ghìm anh lại.",""
"emotions.anger-2-mad.name","Mad","Phẫn Nộ",""
"emotions.anger-2-mad.category","Anger","Tức Giận","Value MUST match getCategoryColor()/getCategoryClass() in script.js"
"emotions.anger-2-mad.description","An intense feeling of displeasure or rage. Being mad signals that something has violated your boundaries or expectations.","Cảm giác không hài lòng hoặc giận dữ mãnh liệt. Sự phẫn nộ báo hiệu rằng điều gì đó đã vi phạm ranh giới hoặc kỳ vọng của bạn.",""
"emotions.anger-2-mad.question","What value or expectation was violated? What do you need to express or repair?","Giá trị hay kỳ vọng nào bị vi phạm? Bạn cần bày tỏ hay sửa chữa điều gì?",""
"emotions.anger-2-mad.overloadRisk","If you over-use this feeling, you may hold grudges, replay the story, or attack rather than seek resolution.","Nếu bạn sử dụng cảm giác này quá mức, bạn có thể giữ oán giận, lặp lại câu chuyện, hoặc tấn công thay vì tìm kiếm giải pháp.",""
"emotions.anger-2-mad.overloadTip","To balance, name specifically what was not okay and decide whether you want to set a boundary, ask for change, or consciously let it go.","Để cân bằng, hãy đặt tên cụ thể điều gì không ổn và quyết định xem bạn muốn thiết lập ranh giới, yêu cầu thay đổi, hoặc có ý thức buông bỏ.",""
"emotions.anger-2-mad.adaptivePurpose","Signals that something feels unfair or not okay and that you want change or acknowledgment.","Báo hiệu rằng điều gì đó cảm thấy không công bằng hoặc không ổn và bạn muốn thay đổi hoặc sự thừa nhận.",""
"emotions.anger-2-mad.relatedFeelings","Enraged | Furious | Livid","Điên Cuồng | Tức Giận Dữ Dội | Căm Phẫn","Pipe-separated list"
"emotions.anger-2-mad.borderInfo","Mad is the hot center of Anger—intense displeasure at a violation. It sits between Aggressive (action-ready) and Frustrated (blocked goals).","Phẫn Nộ là trung tâm nóng bỏng của Tức Giận—sự không hài lòng mãnh liệt trước một vi phạm. Nó nằm giữa Hung Hăng (sẵn sàng hành động) và Bực Bội (mục tiêu bị chặn).",""
"emotions.anger-2-mad.story","Three hours. Three hours she'd been waiting for the cable company, watching the window between ""12 and 4"" slowly tick away. When her phone finally rang at 4:30—""We need to reschedule""—Diane felt something snap. The carefully worded complaint she'd prepared vanished, replaced by a flood of every frustration she'd swallowed for months. The customer service rep didn't deserve it, but he got it anyway.","Ba tiếng đồng hồ. Cô đã chờ đợi công ty cáp trong ba tiếng, nhìn khoảng thời gian từ '12 đến 4' trôi qua từ từ. Khi điện thoại cuối cùng reo vào lúc 4:30—'Chúng tôi cần sắp xếp lại lịch'—Diane cảm thấy như có gì đó đứt. Lời phàn nàn được cẩn thận soạn sẵn biến mất, thay thế bằng dòng chảy của mọi sự thất vọng cô đã nuốt vào trong nhiều tháng. Nhân viên chăm sóc khách hàng không đáng nhận điều đó, nhưng anh ta vẫn nhận.",""
"emotions.anger-3-frustrated.name","Frustrated","Bực Bội",""
"emotions.anger-3-frustrated.category","Anger","Tức Giận","Value MUST match getCategoryColor()/getCategoryClass() in script.js"
"emotions.anger-3-frustrated.description","A feeling of upset or annoyance when unable to achieve something. Frustration arises from blocked goals or unmet needs.","Cảm giác tức giận hay khó chịu khi không thể đạt được điều gì đó. Sự bực bội phát sinh từ những mục tiêu bị chặn hoặc nhu cầu không được đáp ứng.",""
"emotions.anger-3-frustrated.question","What's getting in the way of your goal? What shift—internal or external—would help you move forward?","Điều gì đang cản trở mục tiêu của bạn? Sự thay đổi nào—nội tâm hay bên ngoài—sẽ giúp bạn tiến về phía trước?",""
"emotions.anger-3-frustrated.overloadRisk","If you over-use this feeling, you may give up, blame others, or push people too hard.","Nếu bạn sử dụng cảm giác này quá mức, bạn có thể bỏ cuộc, đổ lỗi cho người khác, hoặc gây áp lực quá mức lên người khác.",""
"emotions.anger-3-frustrated.overloadTip","To balance, step back to clarify your goal, then choose one different approach, request, or boundary that could unlock movement.","Để cân bằng, hãy lùi lại để làm rõ mục tiêu của bạn, sau đó chọn một cách tiếp cận, yêu cầu hoặc ranh giới khác có thể mở ra sự tiến triển.",""
"emotions.anger-3-frustrated.adaptivePurpose","Signals that your effort is blocked and you want progress, efficiency, or a different result.","Báo hiệu rằng nỗ lực của bạn bị chặn và bạn muốn tiến triển, hiệu quả hoặc kết quả khác.",""
"emotions.anger-3-frustrated.relatedFeelings","Annoyed | Irritated | Exasperated","Khó Chịu | Bực Dọc | Kiệt Sức","Pipe-separated list"
"emotions.anger-3-frustrated.borderInfo","Frustrated is Anger meeting obstacles—the energy to change something that isn't working. It sits between Mad (intense anger) and Critical (analytical anger).","Bực Bội là Tức Giận gặp chướng ngại vật—năng lượng để thay đổi điều không hiệu quả. Nó nằm giữa Phẫn Nộ (tức giận mãnh liệt) và Chỉ Trích (tức giận phân tích).",""
"emotions.anger-3-frustrated.story","The code should work. Alex had checked every line, compared it to the documentation, even copied examples directly. Still, the same error message, mocking him in red. He'd been at this for six hours. His coffee was cold. The solution was probably something obvious, something he'd kick himself for missing. But right now, all he wanted was to throw his laptop out the window.","Code phải hoạt động. Alex đã kiểm tra từng dòng, so sánh với tài liệu, thậm chí sao chép trực tiếp các ví dụ. Vẫn còn cùng thông báo lỗi đó, chế giễu anh bằng màu đỏ. Anh đã làm điều này trong sáu tiếng. Cà phê nguội lạnh rồi. Giải pháp có lẽ là điều gì đó rõ ràng, điều mà anh sẽ tự chê cười vì đã bỏ lỡ. Nhưng lúc này, tất cả những gì anh muốn là ném máy tính xách tay qua cửa sổ.",""
"emotions.anger-4-critical.name","Critical","Chỉ Trích",""
"emotions.anger-4-critical.category","Anger","Tức Giận","Value MUST match getCategoryColor()/getCategoryClass() in script.js"
"emotions.anger-4-critical.description","A tendency to find fault or judge harshly. Being critical can be a form of anger directed at perceived flaws or failures.","Xu hướng tìm lỗi hay phán xét khắc nghiệt. Sự chỉ trích có thể là một hình thức tức giận hướng đến những khuyết điểm hay thất bại được nhận ra.",""
"emotions.anger-4-critical.question","What improvement do you see is needed? What outcome are you trying to protect or enhance?","Bạn thấy cần cải thiện điều gì? Kết quả nào bạn đang cố bảo vệ hay nâng cao?",""
"emotions.anger-4-critical.overloadRisk","If you over-use this feeling, you may default to fault-finding, discourage others, or block creativity and experimentation.","Nếu bạn sử dụng cảm giác này quá mức, bạn có thể mặc định vào việc tìm lỗi, làm nản lòng người khác, hoặc chặn sự sáng tạo và thử nghiệm.",""
"emotions.anger-4-critical.overloadTip","To balance, acknowledge at least one thing that is working before naming concerns, and frame your critique as a contribution to shared improvement.","Để cân bằng, hãy thừa nhận ít nhất một điều đang hoạt động trước khi nêu ra những mối quan tâm, và đóng khung lời phê bình của bạn như một đóng góp cho sự cải thiện chung.",""
"emotions.anger-4-critical.adaptivePurpose","Signals that you notice risks, errors, or potential improvements and care about quality or integrity.","Báo hiệu rằng bạn nhận ra rủi ro, lỗi hoặc cải tiến tiềm năng và quan tâm đến chất lượng hoặc sự chính trực.",""
"emotions.anger-4-critical.relatedFeelings","Sarcastic | Skeptical | Judgmental","Mỉa Mai | Hoài Nghi | Phán Xét","Pipe-separated list"
"emotions.anger-4-critical.borderInfo","Critical is near Anticipation because it involves vigilance and preparation against potential problems.","Chỉ Trích gần với Mong Đợi vì nó liên quan đến sự cảnh giác và chuẩn bị trước những vấn đề tiềm ẩn.",""
"emotions.anger-4-critical.story","""It's fine, I guess."" Sophie watched her roommate's face fall at the lukewarm response to her new painting. She hadn't meant to be harsh, but she could see every flaw—the muddy colors, the uncertain brushwork, the derivative composition. The kindest thing would have been encouraging words. Instead, she'd let her standards speak for her, and now the moment to be supportive had passed.","""Tạm ổn, tôi đoán vậy."" Sophie nhìn mặt người bạn cùng phòng sa sầm trước phản ứng nguội lạnh về bức tranh mới của cô ấy. Cô không có ý định gay gắt, nhưng cô có thể thấy mọi khiếm khuyết—màu sắc xỉn, nét cọ không chắc, bố cục kém sáng tạo. Điều tử tế nhất đáng lẽ là những lời động viên. Thay vào đó, cô đã để tiêu chuẩn của mình nói thay, và giờ khoảnh khắc để hỗ trợ đã qua.",""
"emotions.anticipation-1-excited.name","Excited","Hào Hứng",""
"emotions.anticipation-1-excited.category","Anticipation","Mong Đợi","Value MUST match getCategoryColor()/getCategoryClass() in script.js"
"emotions.anticipation-1-excited.description","A feeling of enthusiastic eagerness about something that's going to happen. Excitement energizes you and creates positive anticipation.","Cảm giác háo hức nhiệt tình về điều gì đó sắp xảy ra. Sự hào hứng tiếp thêm năng lượng cho bạn và tạo ra sự chờ đợi tích cực.",""
"emotions.anticipation-1-excited.question","What opportunity is energizing you? How can you channel this energy into intentional action?","Cơ hội nào đang tiếp thêm năng lượng cho bạn? Làm thế nào bạn có thể hướng năng lượng này vào hành động có chủ tâm?",""
"emotions.anticipation-1-excited.overloadRisk","If you over-use this feeling, you may overcommit, rush ahead without planning, or burn out.","Nếu bạn sử dụng cảm giác này quá mức, bạn có thể cam kết quá nhiều, lao về phía trước mà không có kế hoạch, hoặc kiệt sức.",""
"emotions.anticipation-1-excited.overloadTip","To balance, match your energy with a realistic plan and pacing, and choose one clear next step instead of trying to do everything at once.","Để cân bằng, hãy kết hợp năng lượng của bạn với một kế hoạch và nhịp độ thực tế, và chọn một bước tiếp theo rõ ràng thay vì cố gắng làm mọi thứ cùng một lúc.",""
"emotions.anticipation-1-excited.adaptivePurpose","Signals that you feel energized by a possibility and are ready to engage with it.","Báo hiệu rằng bạn cảm thấy tràn đầy năng lượng bởi một khả năng và sẵn sàng tham gia vào nó.",""
"emotions.anticipation-1-excited.relatedFeelings","Passionate | Energized | Thrilled","Đam Mê | Tràn Đầy Năng Lượng | Phấn Khích","Pipe-separated list"
"emotions.anticipation-1-excited.borderInfo","Excited is near Anger because it involves intense energy and readiness for action.","Hào Hứng gần với Tức Giận vì nó liên quan đến năng lượng mãnh liệt và sự sẵn sàng hành động.",""
"emotions.anticipation-1-excited.story","The concert was still three weeks away, but Jasmine had already planned her outfit, made a playlist of songs to re-learn, and started counting down the days. She'd been following this band since middle school, knew every album, every interview. The fact that she'd actually gotten tickets—good tickets—still didn't feel entirely real.","Buổi hòa nhạc còn ba tuần nữa, nhưng Jasmine đã lên kế hoạch trang phục, tạo danh sách phát những bài hát cần học lại, và bắt đầu đếm ngược từng ngày. Cô đã theo dõi ban nhạc này từ hồi trung học, biết từng album, từng cuộc phỏng vấn. Thực tế là cô đã thực sự lấy được vé—vé tốt—vẫn còn chưa cảm thấy hoàn toàn thực.",""
"emotions.anticipation-2-eager.name","Eager","Háo Hức",""
"emotions.anticipation-2-eager.category","Anticipation","Mong Đợi","Value MUST match getCategoryColor()/getCategoryClass() in script.js"
"emotions.anticipation-2-eager.description","A keen desire or readiness to do or experience something. Eagerness drives you forward with enthusiasm and motivation.","Mong muốn sắc bén hoặc sẵn sàng làm hay trải nghiệm điều gì đó. Sự háo hức thúc đẩy bạn tiến về phía trước với nhiệt tình và động lực.",""
"emotions.anticipation-2-eager.question","What do you want to move toward? What first step would move you in that direction?","Bạn muốn tiến về phía nào? Bước đầu tiên nào sẽ đưa bạn đi theo hướng đó?",""
"emotions.anticipation-2-eager.overloadRisk","If you over-use this feeling, you may ignore red flags, skip reflection, or say yes too often.","Nếu bạn sử dụng cảm giác này quá mức, bạn có thể bỏ qua những dấu hiệu cảnh báo, bỏ qua sự suy ngẫm, hoặc nói có quá nhiều lần.",""
"emotions.anticipation-2-eager.overloadTip","To balance, pause to ask what information, boundaries, or preparation you need before you move, then take a thoughtful first step.","Để cân bằng, hãy dừng lại để hỏi xem bạn cần thông tin, ranh giới hoặc chuẩn bị nào trước khi tiến, sau đó thực hiện một bước đầu tiên có suy nghĩ.",""
"emotions.anticipation-2-eager.adaptivePurpose","Signals that you feel ready to pursue something and want to move quickly toward it.","Báo hiệu rằng bạn cảm thấy sẵn sàng theo đuổi điều gì đó và muốn tiến về phía nó nhanh chóng.",""
"emotions.anticipation-2-eager.relatedFeelings","Enthusiastic | Motivated | Keen","Nhiệt Tình | Có Động Lực | Sắc Bén","Pipe-separated list"
"emotions.anticipation-2-eager.borderInfo","Eager is Anticipation in motion—ready and wanting to engage. It sits between Excited (high energy) and Interested (curious engagement).","Háo Hức là Mong Đợi trong hành động—sẵn sàng và muốn tham gia. Nó nằm giữa Hào Hứng (năng lượng cao) và Quan Tâm (tham gia tò mò).",""
"emotions.anticipation-2-eager.story","When the email came through—""Your application has been approved""—Ben was already grabbing his car keys. The rescue shelter closed in an hour, and somewhere inside was the dog he'd seen online, the one with the goofy ears and the soulful eyes. Six months of researching breeds, preparing his apartment, waiting for the right moment. Today was the day.","Khi email đến—'Đơn đăng ký của bạn đã được chấp nhận'—Ben đã cầm chìa khóa xe rồi. Trại cứu trợ đóng cửa sau một tiếng, và ở đâu đó bên trong là con chó anh đã thấy trực tuyến, con chó có đôi tai ngộ nghĩnh và đôi mắt đầy tâm hồn. Sáu tháng nghiên cứu các giống chó, chuẩn bị căn hộ, chờ đợi thời điểm thích hợp. Hôm nay là ngày đó rồi.",""
"emotions.anticipation-3-interested.name","Interested","Quan Tâm",""
"emotions.anticipation-3-interested.category","Anticipation","Mong Đợi","Value MUST match getCategoryColor()/getCategoryClass() in script.js"
"emotions.anticipation-3-interested.description","A feeling of wanting to learn more or be involved in something. Interest draws your attention and curiosity toward new experiences.","Cảm giác muốn tìm hiểu thêm hoặc tham gia vào điều gì đó. Sự quan tâm hướng sự chú ý và tò mò của bạn về những trải nghiệm mới.",""
"emotions.anticipation-3-interested.question","What is drawing your attention? What feels worth exploring or understanding more deeply?","Điều gì đang thu hút sự chú ý của bạn? Điều gì cảm thấy đáng khám phá hoặc hiểu sâu hơn?",""
"emotions.anticipation-3-interested.overloadRisk","If you over-use this feeling, you may scatter your focus, start many things, and finish few.","Nếu bạn sử dụng cảm giác này quá mức, bạn có thể phân tán trọng tâm, bắt đầu nhiều thứ và hoàn thành ít.",""
"emotions.anticipation-3-interested.overloadTip","To balance, consciously choose one focus area for now and capture other interests on a list for later, so you can explore with intention.","Để cân bằng, hãy có ý thức chọn một lĩnh vực tập trung hiện tại và ghi lại những mối quan tâm khác để sau này, để bạn có thể khám phá với chủ tâm.",""
"emotions.anticipation-3-interested.adaptivePurpose","Signals that your curiosity is activated and you see potential value in learning or exploring.","Báo hiệu rằng sự tò mò của bạn được kích hoạt và bạn thấy giá trị tiềm năng trong việc học hỏi hoặc khám phá.",""
"emotions.anticipation-3-interested.relatedFeelings","Impatient | Curious | Engaged","Nóng Lòng | Tò Mò | Hòa Nhập","Pipe-separated list"
"emotions.anticipation-3-interested.borderInfo","Interested is the thoughtful heart of Anticipation—attention drawn toward something worth exploring. It sits between Eager (ready to act) and Stressed (overwhelmed by demands).","Quan Tâm là trái tim suy nghĩ của Mong Đợi—sự chú ý hướng đến điều đáng khám phá. Nó nằm giữa Háo Hức (sẵn sàng hành động) và Căng Thẳng (bị áp đảo bởi đòi hỏi).",""
"emotions.anticipation-3-interested.story","""Tell me more about that."" Professor Walsh leaned forward, genuinely curious. The student's thesis proposal wasn't polished yet, but there was something there—an unexpected connection between fields that rarely spoke to each other. Her mind was already racing with questions, potential research directions, colleagues who might want to collaborate. This was why she loved academia.","""Hãy cho tôi biết thêm."" Giáo sư Walsh ngả người về phía trước, thực sự tò mò. Đề xuất luận văn của sinh viên chưa được đánh bóng, nhưng có điều gì đó ở đó—một kết nối bất ngờ giữa các lĩnh vực hiếm khi nói chuyện với nhau. Tâm trí cô đã đua thêm các câu hỏi, những hướng nghiên cứu tiềm năng, các đồng nghiệp có thể muốn cộng tác. Đây là lý do tại sao cô yêu học thuật.",""
"emotions.anticipation-4-stressed.name","Stressed","Căng Thẳng",""
"emotions.anticipation-4-stressed.category","Anticipation","Mong Đợi","Value MUST match getCategoryColor()/getCategoryClass() in script.js"
"emotions.anticipation-4-stressed.description","A state of mental or emotional strain from demanding circumstances. Stress signals that you're facing challenges that require energy and resources.","Trạng thái căng thẳng về tinh thần hoặc cảm xúc từ những hoàn cảnh đòi hỏi. Sự căng thẳng báo hiệu rằng bạn đang đối mặt với những thách thức đòi hỏi năng lượng và nguồn lực.",""
"emotions.anticipation-4-stressed.question","What pressures need attention? Where do you need relief, support, or clearer boundaries?","Những áp lực nào cần được chú ý? Bạn cần được giảm nhẹ, hỗ trợ hoặc ranh giới rõ ràng hơn ở đâu?",""
"emotions.anticipation-4-stressed.overloadRisk","If you over-use this feeling, you may run in crisis mode, make reactive decisions, or exhaust yourself.","Nếu bạn sử dụng cảm giác này quá mức, bạn có thể chạy ở chế độ khủng hoảng, đưa ra những quyết định phản ứng, hoặc kiệt sức.",""
"emotions.anticipation-4-stressed.overloadTip","To balance, identify one demand you can reduce, delegate, or delay and one brief practice that helps restore your energy or clarity.","Để cân bằng, hãy xác định một yêu cầu bạn có thể giảm, ủy thác hoặc trì hoãn và một thực hành ngắn giúp phục hồi năng lượng hay sự rõ ràng của bạn.",""
"emotions.anticipation-4-stressed.adaptivePurpose","Signals that demands feel greater than your current resources and something needs to change.","Báo hiệu rằng những yêu cầu cảm thấy lớn hơn nguồn lực hiện tại của bạn và có điều gì đó cần thay đổi.",""
"emotions.anticipation-4-stressed.relatedFeelings","Overwhelmed | Pressured | Tense","Quá Tải | Bị Áp Lực | Căng Thẳng Thần Kinh","Pipe-separated list"
"emotions.anticipation-4-stressed.borderInfo","Stressed is near Joy because it involves high energy focused on achieving positive outcomes.","Căng Thẳng gần với Niềm Vui vì nó liên quan đến năng lượng cao tập trung vào việc đạt được kết quả tích cực.",""
"emotions.anticipation-4-stressed.story","The wedding was in ten days. The caterer had just canceled. Her mother-in-law was ""suggesting"" seating chart changes. The alterations on her dress weren't done. And now, scrolling through her phone at midnight, Hannah discovered that the forecast called for rain. She could feel the pressure building behind her eyes, the familiar tightness in her chest. Something was going to have to give.","Đám cưới còn mười ngày nữa. Công ty cung cấp thức ăn vừa hủy. Mẹ chồng đang 'gợi ý' những thay đổi sơ đồ chỗ ngồi. Những chỉnh sửa trên chiếc váy của cô chưa xong. Và giờ, lướt điện thoại lúc nửa đêm, Hannah phát hiện dự báo thời tiết có mưa. Cô có thể cảm thấy áp lực dâng lên sau đôi mắt, sự căng thẳng quen thuộc trong lồng ngực. Có điều gì đó sẽ phải nhường thôi.",""